AAA	Anaa	French Polynesia	PF	-17.3526	-145.51
AAC	El Arish	Egypt	EG	31.0553	33.828
AAE	Annaba	Algeria	DZ	36.8268	7.8133
AAK	Buariki	Kiribati	KI	0.1853	173.637
AAL	Aalborg	Denmark	DK	57.0948	9.8499
AAN	Al Ain	United Arab Emirates	AE	24.2617	55.6092
AAP	Samarinda	Indonesia	ID	-0.3745	117.25
AAR	Aarhus	Denmark	DK	56.3033	10.6183
AAT	Altay	China	CN	47.7499	88.0858
AAX	Araxá	Brazil	BR	-19.5632	-46.9604
AAY	Al Ghaydah	Yemen	YE	16.1933	52.1742
AAZ	Quezaltenango	Guatemala	GT	14.8656	-91.502
ABA	Abakan	Russia	RU	53.74	91.385
ABB	Asaba	Nigeria	NG	6.2042	6.6653
ABD	Abadan	Iran	IR	30.3679	48.2301
ABE	Allentown/Bethlehem	Pennsylvania	US	40.6518	-75.4428
ABI	Abilene	Texas	US	32.4113	-99.6819
ABJ	Abidjan	Côte d'Ivoire	CI	5.2614	-3.9263
ABK	Kebri Dahar	Ethiopia	ET	6.7326	44.2413
ABL	Ambler	Alaska	US	67.1055	-157.855
ABM	Bamaga	Australia	AU	-10.9462	142.455
ABQ	Albuquerque	New Mexico	US	35.04	-106.609
ABR	Aberdeen	South Dakota	US	45.4491	-98.4218
ABS	Abu Simbel	Egypt	EG	22.3759	31.6117
ABT	Al-Baha	Saudi Arabia	SA	20.2985	41.6362
ABU	Atambua	Indonesia	ID	-9.0748	124.903
ABV	Abuja	Nigeria	NG	9.0068	7.2632
ABX	East Albury	Australia	AU	-36.0668	146.959
ABY	Albany	Georgia	US	31.5329	-84.1962
ABZ	Aberdeen	United Kingdom	GB	57.2019	-2.1978
ACA	Acapulco	Mexico	MX	16.7571	-99.7531
ACC	Accra	Ghana	GH	5.6052	-0.1668
ACE	San Bartolomé	Spain	ES	28.9455	-13.6052
ACF	Aral	China	CN	40.4347	81.2621
ACH	St. Gallen	Switzerland	CH	47.485	9.5608
ACI	Saint Anne	Guernsey	GG	49.7061	-2.2147
ACK	Nantucket	Massachusetts	US	41.2531	-70.0602
ACT	Waco	Texas	US	31.6113	-97.2305
ACV	Arcata/Eureka	California	US	40.9781	-124.109
ACX	Xingyi	China	CN	25.0834	104.961
ACY	Atlantic City	New Jersey	US	39.4562	-74.5775
ADB	Gaziemir	Turkey	TR	38.2924	27.157
ADD	Addis Ababa	Ethiopia	ET	8.9779	38.7993
ADE	Aden	Yemen	YE	12.8296	45.03
ADF	Adıyaman	Turkey	TR	37.7314	38.4689
ADJ	Amman	Jordan	JO	31.9727	35.9916
ADK	Adak	Alaska	US	51.8836	-176.643
ADL	Adelaide	Australia	AU	-34.9475	138.533
ADQ	Kodiak	Alaska	US	57.75	-152.494
ADU	Ardabil	Iran	IR	38.3257	48.4244
ADZ	San Andrés	Colombia	CO	12.5836	-81.7112
AEB	Baise	China	CN	23.7206	106.96
AEP	Buenos Aires	Argentina	AR	-34.5594	-58.4155
AER	Sochi	Russia	RU	43.4499	39.9566
AES	Ålesund	Norway	NO	62.5604	6.1108
AET	Allakaket	Alaska	US	66.5518	-152.622
AEU	Abu Musa	Iran	IR	25.8757	55.033
AEX	Alexandria	Louisiana	US	31.3258	-92.5467
AEY	Akureyri	Iceland	IS	65.6566	-18.072
AFA	San Rafael	Argentina	AR	-34.5883	-68.4039
AFL	Alta Floresta	Brazil	BR	-9.8664	-56.1063
AFZ	Sabzevar	Iran	IR	36.1681	57.5952
AGA	Agadir	Morocco	MA	30.3225	-9.412
AGE	Wangerooge	Germany	DE	53.7825	7.9196
AGH	Ängelholm	Sweden	SE	56.2961	12.8471
AGI	Wageningen	Suriname	SR	5.8413	-56.6732
AGJ	Aguni	Japan	JP	26.5928	127.24
AGM	Tasiilaq	Greenland	GL	65.6123	-37.6183
AGN	Angoon	Alaska	US	57.4971	-134.567
AGP	Málaga	Spain	ES	36.6749	-4.4991
AGR	Agra	India	IN	27.158	77.961
AGS	Augusta	Georgia	US	33.3699	-81.9645
AGT	Ciudad del Este	Paraguay	PY	-25.4572	-54.8395
AGU	Aguascalientes	Mexico	MX	21.6996	-102.318
AGX	Agatti	India	IN	10.8237	72.176
AHA	Ambikapur	India	IN	22.9875	83.1961
AHB	Abha	Saudi Arabia	SA	18.2404	42.6566
AHE	Ahe Atoll	French Polynesia	PF	-14.4281	-146.257
AHO	Alghero	Italy	IT	40.6321	8.2908
AHU	Al Hoceima	Morocco	MA	35.1771	-3.8395
AIA	Alliance	Nebraska	US	42.0525	-102.804
AIN	Wainwright	Alaska	US	70.638	-159.995
AIP	Adampur	India	IN	31.4338	75.7588
AIT	Aitutaki	Cook Islands	CK	-18.8309	-159.764
AIU	Atiu Island	Cook Islands	CK	-19.9678	-158.119
AJA	Ajaccio	France	FR	41.9236	8.8029
AJF	Al-Jawf	Saudi Arabia	SA	29.7833	40.1009
AJI	Ağrı	Turkey	TR	39.6556	43.0257
AJL	Aizawl	India	IN	23.8406	92.6197
AJN	Ouani	Comoros	KM	-12.131	44.43
AJR	Arvidsjaur	Sweden	SE	65.5903	19.2819
AJU	Aracaju	Brazil	BR	-10.9839	-37.0729
AKA	Ankang	China	CN	32.757	108.873
AKB	Atka	Alaska	US	52.2203	-174.206
AKF	Kufra	Libya	LY	24.1787	23.314
AKI	Akiak	Alaska	US	60.9026	-161.231
AKJ	Higashikagura	Japan	JP	43.6708	142.447
AKK	Akhiok	Alaska	US	56.9387	-154.183
AKL	Auckland	New Zealand	NZ	-37.012	174.786
AKN	King Salmon	Alaska	US	58.6778	-156.652
AKP	Anaktuvuk Pass	Alaska	US	68.1336	-151.743
AKR	Akure	Nigeria	NG	7.2467	5.301
AKS	Auki	Solomon Islands	SB	-8.7026	160.682
AKU	Aksu	China	CN	41.2625	80.2917
AKV	Akulivik	Canada	CA	60.8186	-78.1486
AKX	Aktobe	Kazakhstan	KZ	50.2481	57.2041
AKY	Sittwe	Myanmar	MM	20.1332	92.8707
ALA	Almaty	Kazakhstan	KZ	43.3543	77.0428
ALB	Albany	New York	US	42.7483	-73.8017
ALC	Alicante	Spain	ES	38.2822	-0.5582
ALF	Alta	Norway	NO	69.9761	23.3717
ALG	Algiers	Algeria	DZ	36.6939	3.2145
ALH	Albany	Australia	AU	-34.9433	117.809
ALO	Waterloo	Iowa	US	42.5571	-92.4003
ALP	Aleppo	Syria	SY	36.1813	37.2269
ALS	Alamosa	Colorado	US	37.4349	-105.867
ALW	Walla Walla	Washington	US	46.0949	-118.288
ALZ	Lazy Bay	Alaska	US	56.8973	-154.25
AMA	Amarillo	Texas	US	35.2179	-101.706
AMD	Ahmedabad	India	IN	23.0772	72.6347
AMH	Arba Minch	Ethiopia	ET	6.0394	37.5905
AMM	Amman	Jordan	JO	31.7226	35.9932
AMQ	Ambon	Indonesia	ID	-3.7103	128.089
AMS	Amsterdam	Netherlands	NL	52.3086	4.7639
AMV	Amderma	Russia	RU	69.7637	61.5567
ANC	Anchorage	Alaska	US	61.179	-149.993
ANF	Antofagasta	Chile	CL	-23.4453	-70.4452
ANI	Aniak	Alaska	US	61.5816	-159.543
ANR	Antwerp	Belgium	BE	51.1907	4.4632
ANS	Andahuaylas	Peru	PE	-13.7064	-73.3504
ANU	Osbourn	Antigua and Barbuda	AG	17.1367	-61.7927
ANV	Anvik	Alaska	US	62.6467	-160.191
ANX	Andenes	Norway	NO	69.2952	16.1394
AOE	Eskişehir	Turkey	TR	39.8116	30.5193
AOG	Anshan	China	CN	41.1053	122.854
AOI	Falconara Marittima	Italy	IT	43.6163	13.3623
AOJ	Aomori	Japan	JP	40.7338	140.69
AOK	Karpathos Island	Greece	GR	35.4214	27.146
AOO	Altoona	Pennsylvania	US	40.2964	-78.32
AOQ	Aappilattoq	Greenland	GL	72.887	-55.5963
AOR	Alor Satar	Malaysia	MY	6.1897	100.398
AOS	Amook Bay	Alaska	US	57.4715	-153.815
APK	Apataki	French Polynesia	PF	-15.5736	-146.415
APL	Nampula	Mozambique	MZ	-15.1056	39.2818
APN	Alpena	Michigan	US	45.0781	-83.5603
APO	Carepa	Colombia	CO	7.812	-76.7164
APW	Apia	Samoa	WS	-13.83	-172.008
AQA	Araraquara	Brazil	BR	-21.812	-48.133
AQG	Anqing	China	CN	30.5822	117.05
AQI	Qaisumah	Saudi Arabia	SA	28.3357	46.1271
AQJ	Aqaba	Jordan	JO	29.6116	35.0181
AQP	Arequipa	Peru	PE	-16.3408	-71.5695
ARC	Arctic Village	Alaska	US	68.1147	-145.579
ARD	Kabola	Indonesia	ID	-8.1323	124.597
ARH	Archangelsk	Russia	RU	64.6003	40.7167
ARI	Arica	Chile	CL	-18.3485	-70.3387
ARK	Arusha	Tanzania	TZ	-3.3678	36.6333
ARM	Armidale	Australia	AU	-30.5281	151.617
ARN	Stockholm	Sweden	SE	59.6485	17.9288
ART	Watertown	New York	US	43.9919	-76.0217
ARU	Araçatuba	Brazil	BR	-21.1415	-50.4246
ARW	Arad	Romania	RO	46.1761	21.2643
ASB	Ashgabat	Turkmenistan	TM	37.9868	58.361
ASD	Andros Town	Bahamas	BS	24.6979	-77.7956
ASE	Aspen	Colorado	US	39.2232	-106.869
ASF	Astrakhan	Russia	RU	46.2828	48.0105
ASI	Cat Hill	Saint Helena, Ascension and Tristan da Cunha	SH	-7.9702	-14.3927
ASJ	Amami	Japan	JP	28.4306	129.713
ASM	Asmara	Eritrea	ER	15.2919	38.9107
ASO	Asosa	Ethiopia	ET	10.0185	34.5863
ASP	Alice Springs	Australia	AU	-23.8066	133.903
ASR	Kayseri	Turkey	TR	38.7704	35.4954
ASU	Asunción	Paraguay	PY	-25.2402	-57.5192
ASV	Ol Tukai	Kenya	KE	-2.6448	37.2529
ASW	Aswan	Egypt	EG	23.9611	32.8204
ATC	Arthur's Town	Bahamas	BS	24.6294	-75.6738
ATH	Spata-Artemida	Greece	GR	37.9364	23.9445
ATK	Atqasuk	Alaska	US	70.467	-157.436
ATL	Atlanta	Georgia	US	33.6367	-84.4281
ATM	Altamira	Brazil	BR	-3.2531	-52.2539
ATQ	Amritsar	India	IN	31.7096	74.7973
ATT	Atmautluak	Alaska	US	60.8667	-162.273
ATW	Appleton	Wisconsin	US	44.2585	-88.519
ATY	Watertown	South Dakota	US	44.914	-97.1547
ATZ	Asyut	Egypt	EG	27.046	31.0128
AUA	Oranjestad	Aruba	AW	12.5011	-70.0143
AUC	Arauca	Colombia	CO	7.0689	-70.7369
AUG	Augusta	Maine	US	44.3206	-69.7973
AUH	Abu Dhabi	United Arab Emirates	AE	24.441	54.6492
AUK	Alakanuk	Alaska	US	62.6827	-164.722
AUL	Aur Atoll	Marshall Islands	MH	8.1453	171.173
AUQ	Hiva Oa Island	French Polynesia	PF	-9.7688	-139.011
AUR	Aurillac	France	FR	44.8914	2.4219
AUS	Austin	Texas	US	30.1975	-97.662
AUU	Aurukun	Australia	AU	-13.354	141.72
AUX	Araguaína	Brazil	BR	-7.2279	-48.2405
AVA	Anshun	China	CN	26.2606	105.873
AVK	Arvaikheer	Mongolia	MN	46.2503	102.802
AVL	Asheville	North Carolina	US	35.4355	-82.5419
AVN	Avignon	France	FR	43.9073	4.9018
AVP	Wilkes-Barre/Scranton	Pennsylvania	US	41.3371	-75.7242
AVR	Amravati	India	IN	20.8146	77.7178
AVV	Geelong/Melbourne	Australia	AU	-38.0403	144.467
AWA	Hawassa	Ethiopia	ET	7.1006	38.3965
AWK	Wake Island	United States Minor Outlying Islands	UM	19.2824	166.637
AWZ	Ahvaz	Iran	IR	31.3364	48.7638
AXA	The Valley	Anguilla	AI	18.2048	-63.0538
AXD	Alexandroupolis	Greece	GR	40.8559	25.9563
AXF	Bayanhot	China	CN	38.7483	105.584
AXJ	Amakusa	Japan	JP	32.4825	130.159
AXM	Armenia	Colombia	CO	4.4528	-75.7664
AXP	Spring Point	Bahamas	BS	22.4418	-73.9709
AXR	Arutua Airport	French Polynesia	PF	-15.2483	-146.617
AXT	Akita	Japan	JP	39.6156	140.219
AXU	Axum	Ethiopia	ET	14.1468	38.7728
AYJ	Faizabad	India	IN	26.7477	82.1637
AYP	Ayacucho	Peru	PE	-13.1548	-74.2044
AYQ	Yulara	Australia	AU	-25.1859	130.977
AYT	Antalya	Turkey	TR	36.8987	30.8005
AZA	Mesa	Arizona	US	33.3078	-111.655
AZD	Yazd	Iran	IR	31.9049	54.2765
AZN	Andijan	Uzbekistan	UZ	40.7277	72.294
AZO	Kalamazoo	Michigan	US	42.2321	-85.5496
AZR	Adrar	Algeria	DZ	27.8376	-0.1864
AZS	Samana	Dominican Republic	DO	19.2693	-69.7374
BAH	Manama	Bahrain	BH	26.2673	50.6376
BAL	Batman	Turkey	TR	37.929	41.1166
BAQ	Barranquilla	Colombia	CO	10.8896	-74.7808
BAR	Qionghai	China	CN	19.141	110.453
BAS	Ballalae	Solomon Islands	SB	-6.9907	155.887
BAV	Baotou	China	CN	40.56	109.997
BAX	Barnaul	Russia	RU	53.3613	83.5397
BAY	Tăuții-Măgherăuș	Romania	RO	47.6584	23.4644
BAZ	Barcelos	Brazil	BR	-0.9812	-62.9186
BBA	Balmaceda	Chile	CL	-45.916	-71.6895
BBG	Butaritari	Kiribati	KI	3.0858	172.811
BBI	Bhubaneswar	India	IN	20.251	85.8147
BBK	Kasane	Botswana	BW	-17.8317	25.1662
BBM	Battambang	Cambodia	KH	13.0956	103.224
BBN	Bario	Malaysia	MY	3.7346	115.478
BBO	Berbera	Somalia	SO	10.385	44.9367
BBQ	Codrington	Antigua and Barbuda	AG	17.6212	-61.7983
BBR	Basse-Terre	Guadeloupe	GP	16.0136	-61.7429
BBU	Bucharest	Romania	RO	44.5031	26.1029
BCA	Baracoa	Cuba	CU	20.3653	-74.5062
BCD	Bacolod City	Philippines	PH	10.7762	123.019
BCH	Baucau	Timor-Leste	TL	-8.4865	126.4
BCI	Barcaldine	Australia	AU	-23.5663	145.302
BCM	Bacău	Romania	RO	46.5219	26.9103
BCN	Barcelona	Spain	ES	41.2971	2.0785
BCO	Jinka	Ethiopia	ET	5.7497	36.5602
BCU	Bauchi	Nigeria	NG	10.4828	9.744
BDA	Hamilton	Bermuda	BM	32.3638	-64.6782
BDB	Bundaberg	Australia	AU	-24.905	152.323
BDD	Badu Island	Australia	AU	-10.1495	142.174
BDH	Bandar Lengeh	Iran	IR	26.5323	54.8248
BDJ	Banjarbaru	Indonesia	ID	-3.4401	114.761
BDL	Hartford	Connecticut	US	41.9386	-72.688
BDO	Bandung	Indonesia	ID	-6.9006	107.576
BDP	Bhadrapur	Nepal	NP	26.5708	88.0796
BDQ	Vadodara	India	IN	22.3362	73.2263
BDS	Brindisi	Italy	IT	40.6576	17.947
BDT	Gbadolite	Democratic Republic of the Congo	CD	4.2527	20.9753
BDU	Målselv	Norway	NO	69.0558	18.5404
BEB	Balivanich	United Kingdom	GB	57.4811	-7.3628
BED	Bedford	Massachusetts	US	42.47	-71.289
BEF	Bluefields	Nicaragua	NI	11.991	-83.7741
BEG	Belgrade	Serbia	RS	44.8184	20.3091
BEJ	Tanjung Redeb - Borneo Island	Indonesia	ID	2.1478	117.431
BEK	Bareilly	India	IN	28.4221	79.4508
BEL	Belém	Brazil	BR	-1.3793	-48.4762
BEM	Oulad Yaich	Morocco	MA	32.4019	-6.3159
BEN	Benina	Libya	LY	32.0968	20.2695
BER	Berlin	Germany	DE	52.3617	13.5023
BES	Brest	France	FR	48.4479	-4.4185
BET	Bethel	Alaska	US	60.7798	-161.838
BEU	Bedourie	Australia	AU	-24.3461	139.46
BEW	Beira	Mozambique	MZ	-19.7964	34.9076
BEY	Beirut	Lebanon	LB	33.8198	35.4874
BFD	Bradford	Pennsylvania	US	41.8031	-78.6401
BFF	Scottsbluff	Nebraska	US	41.874	-103.596
BFI	Seattle	Washington	US	47.527	-122.3
BFJ	Bijie	China	CN	27.2671	105.472
BFL	Bakersfield	California	US	35.4336	-119.057
BFN	Bloemfontein	South Africa	ZA	-29.0927	26.3024
BFQ	Puerto Piña	Panama	PA	7.5874	-78.1799
BFS	Belfast	United Kingdom	GB	54.6575	-6.2158
BFV	Buriram	Thailand	TH	15.2295	103.253
BFY	Bengbu	China	CN	33.1663	117.058
BGA	Bucaramanga	Colombia	CO	7.1265	-73.1848
BGC	Bragança	Portugal	PT	41.8578	-6.7071
BGF	Bangui	Central African Republic	CF	4.3985	18.5188
BGG	Bingöl	Turkey	TR	38.8601	40.5945
BGI	Bridgetown	Barbados	BB	13.0747	-59.491
BGK	Big Creek	Belize	BZ	16.5194	-88.4079
BGM	Binghamton	New York	US	42.2087	-75.9798
BGO	Bergen	Norway	NO	60.2934	5.2181
BGR	Bangor	Maine	US	44.8064	-68.8267
BGW	Baghdad	Iraq	IQ	33.2625	44.2346
BGY	Orio al Serio	Italy	IT	45.6694	9.7089
BHB	Bar Harbor	Maine	US	44.45	-68.3615
BHD	Belfast	United Kingdom	GB	54.6181	-5.8725
BHE	Blenheim	New Zealand	NZ	-41.5183	173.87
BHH	Bisha	Saudi Arabia	SA	19.9844	42.6209
BHI	Bahía Blanca	Argentina	AR	-38.725	-62.1693
BHJ	Bhuj	India	IN	23.2878	69.6702
BHK	Bukhara	Uzbekistan	UZ	39.7753	64.4823
BHM	Birmingham	Alabama	US	33.5629	-86.7507
BHO	Bhopal	India	IN	23.2875	77.3374
BHQ	Broken Hill	Australia	AU	-32.0014	141.472
BHR	Bharatpur	Nepal	NP	27.6781	84.4294
BHS	Bathurst	Australia	AU	-33.4068	149.651
BHU	Bhavnagar	India	IN	21.7522	72.1852
BHV	Bahawalpur	Pakistan	PK	29.3481	71.718
BHX	Birmingham, West Midlands	United Kingdom	GB	52.4539	-1.748
BHY	Beihai	China	CN	21.5387	109.294
BIA	Bastia	France	FR	42.5527	9.4837
BID	Block Island	Rhode Island	US	41.1684	-71.5786
BIH	Bishop	California	US	37.3731	-118.364
BIK	Biak	Indonesia	ID	-1.19	136.108
BIL	Billings	Montana	US	45.8089	-108.541
BIM	South Bimini	Bahamas	BS	25.6999	-79.2647
BIO	Bilbao	Spain	ES	43.3011	-2.9106
BIQ	Biarritz	France	FR	43.4684	-1.5232
BIR	Biratnagar	Nepal	NP	26.4815	87.264
BIS	Bismarck	North Dakota	US	46.7727	-100.747
BJA	Béjaïa	Algeria	DZ	36.7125	5.0699
BJB	Bojnord	Iran	IR	37.493	57.3082
BJC	Denver	Colorado	US	39.9088	-105.117
BJF	Båtsfjord	Norway	NO	70.6003	29.6926
BJL	Banjul	Gambia	GM	13.338	-16.6522
BJM	Bujumbura	Burundi	BI	-3.324	29.3185
BJR	Bahir Dar	Ethiopia	ET	11.6081	37.3216
BJT	Bentota	Sri Lanka	LK	6.431	79.996
BJV	Bodrum	Turkey	TR	37.2493	27.664
BJX	Silao	Mexico	MX	20.9927	-101.48
BJZ	Badajoz	Spain	ES	38.8913	-6.8213
BKC	Buckland	Alaska	US	65.9816	-161.149
BKF	Katmai National Park	Alaska	US	58.5548	-155.777
BKG	Branson	Missouri	US	36.5321	-93.2005
BKI	Kota Kinabalu	Malaysia	MY	5.9327	116.049
BKK	Bangkok	Thailand	TH	13.6811	100.747
BKM	Bakalalan	Malaysia	MY	3.974	115.618
BKN	Balkanabat	Turkmenistan	TM	39.6811	54.206
BKO	Bamako	Mali	ML	12.5335	-7.9499
BKQ	Blackall	Australia	AU	-24.4317	145.43
BKS	Bengkulu	Indonesia	ID	-3.8637	102.339
BKW	Beaver	West Virginia	US	37.7873	-81.1242
BKZ	Bukoba	Tanzania	TZ	-1.332	31.8212
BLA	Barcelona	Venezuela	VE	10.1111	-64.6922
BLB	Panamá City	Panama	PA	8.9148	-79.5996
BLD	Boulder City	Nevada	US	35.9472	-114.859
BLE	Borlange	Sweden	SE	60.422	15.5152
BLI	Bellingham	Washington	US	48.7928	-122.538
BLJ	Batna	Algeria	DZ	35.7521	6.3086
BLL	Billund	Denmark	DK	55.7403	9.157
BLQ	Bologna	Italy	IT	44.5354	11.2887
BLR	Bengaluru	India	IN	13.1979	77.7063
BLV	Belleville	Illinois	US	38.5452	-89.8352
BLW	Beledweyne	Somalia	SO	4.767	45.2388
BLZ	Blantyre	Malawi	MW	-15.6772	34.9723
BMA	Stockholm	Sweden	SE	59.3544	17.9417
BME	Broome	Australia	AU	-17.9492	122.228
BMI	Bloomington/Normal	Illinois	US	40.4771	-88.9159
BMK	Borkum	Germany	DE	53.5964	6.7092
BMO	Banmaw	Myanmar	MM	24.2704	97.2476
BMR	Baltrum	Germany	DE	53.7249	7.3733
BMU	Bima	Indonesia	ID	-8.5372	118.685
BMV	Buon Ma Thuot	Vietnam	VN	12.6683	108.12
BMW	Bordj Badji Mokhtar	Algeria	DZ	21.3778	0.927
BMY	Waala	New Caledonia	NC	-19.7205	163.661
BNA	Nashville	Tennessee	US	36.1245	-86.6782
BNB	Boende	Democratic Republic of the Congo	CD	-0.2867	20.8836
BND	Bandar Abbas	Iran	IR	27.2183	56.3778
BNE	Brisbane	Australia	AU	-27.3842	153.117
BNI	Benin	Nigeria	NG	6.317	5.5995
BNK	Ballina	Australia	AU	-28.8332	153.561
BNN	Brønnøy	Norway	NO	65.4611	12.2175
BNS	Barinas	Venezuela	VE	8.615	-70.2142
BNX	Mahovljani	Bosnia and Herzegovina	BA	44.9414	17.2975
BNY	Anua	Solomon Islands	SB	-11.3022	159.798
BOB	Motu Mute	French Polynesia	PF	-16.4444	-151.751
BOC	Isla Colón	Panama	PA	9.3408	-82.2508
BOD	Bordeaux	France	FR	44.8287	-0.7154
BOG	Bogota	Colombia	CO	4.7016	-74.1469
BOH	Bournemouth	United Kingdom	GB	50.7805	-1.8396
BOI	Boise	Idaho	US	43.5644	-116.223
BOJ	Burgas	Bulgaria	BG	42.5699	27.5152
BOM	Mumbai	India	IN	19.0887	72.8679
BON	Kralendijk	Caribbean Netherlands	BQ	12.131	-68.2685
BOO	Bodø	Norway	NO	67.2692	14.3653
BOR	Ton Phueng	Laos	LA	20.324	100.165
BOS	Boston	Massachusetts	US	42.362	-71.0079
BOT	Bosset	Papua New Guinea	PG	-7.2373	141.106
BOY	Bobo Dioulasso	Burkina Faso	BF	11.1601	-4.331
BPE	Qinhuangdao	China	CN	39.6664	119.061
BPL	Bole	China	CN	44.8955	82.3001
BPN	Balikpapan	Indonesia	ID	-1.2683	116.894
BPS	Porto Seguro	Brazil	BR	-16.4384	-39.0806
BPT	Beaumont/Port Arthur	Texas	US	29.9508	-94.0207
BPX	Bangda	China	CN	30.5536	97.1083
BPY	Besalampy	Madagascar	MG	-16.7445	44.4825
BQB	Busselton	Australia	AU	-33.6872	115.4
BQG	Bogorodskoye	Russia	RU	52.381	140.449
BQJ	Batagay	Russia	RU	67.648	134.695
BQK	Brunswick	Georgia	US	31.2588	-81.4665
BQL	Boulia Airport	Australia	AU	-22.9133	139.9
BQN	Aguadilla	Puerto Rico	PR	18.4949	-67.1294
BQS	Blagoveschensk	Russia	RU	50.4267	127.415
BQT	Brest	Belarus	BY	52.1081	23.8968
BQU	Bequia	Saint Vincent and the Grenadines	VC	12.9884	-61.262
BRA	Barreiras	Brazil	BR	-12.0789	-45.009
BRC	San Carlos de Bariloche	Argentina	AR	-41.1512	-71.1575
BRD	Brainerd	Minnesota	US	46.4029	-94.1297
BRE	Bremen	Germany	DE	53.0468	8.7893
BRI	Bari	Italy	IT	41.1389	16.7606
BRK	Bourke Airport	Australia	AU	-30.0392	145.952
BRL	Burlington	Iowa	US	40.7832	-91.1255
BRM	Barquisimeto	Venezuela	VE	10.0427	-69.3586
BRN	Bern	Switzerland	CH	46.9127	7.4988
BRO	Brownsville	Texas	US	25.9072	-97.4252
BRQ	Brno	Czech Republic	CZ	49.1513	16.694
BRR	Eoligarry	United Kingdom	GB	57.0228	-7.4431
BRS	Bristol	United Kingdom	GB	51.3823	-2.7165
BRU	Zaventem	Belgium	BE	50.9014	4.4844
BRW	Utqiaġvik	Alaska	US	71.2854	-156.766
BRX	Barahona	Dominican Republic	DO	18.2515	-71.1204
BSA	Bosaso	Somalia	SO	11.2752	49.1392
BSB	Brasília	Brazil	BR	-15.8692	-47.9208
BSC	Bahía Solano	Colombia	CO	6.2029	-77.3947
BSD	Baoshan	China	CN	25.0533	99.1683
BSG	Bata	Equatorial Guinea	GQ	1.9055	9.8057
BSK	Biskra	Algeria	DZ	34.7932	5.7389
BSL	Bâle / Mulhouse	France	FR	47.6007	7.5211
BSO	Basco	Philippines	PH	20.4513	121.98
BSR	Basra	Iraq	IQ	30.5491	47.6621
BSX	Pathein	Myanmar	MM	16.8152	94.7799
BSZ	Bishkek	Kyrgyzstan	KG	43.0613	74.4776
BTC	Batticaloa	Sri Lanka	LK	7.7051	81.6772
BTH	Batam	Indonesia	ID	1.121	104.119
BTI	Barter Island	Alaska	US	70.134	-143.582
BTJ	Banda Aceh	Indonesia	ID	5.5251	95.42
BTK	Bratsk	Russia	RU	56.3696	101.702
BTM	Butte	Montana	US	45.9548	-112.497
BTR	Baton Rouge	Louisiana	US	30.5332	-91.1496
BTS	Bratislava	Slovakia	SK	48.1702	17.2127
BTT	Bettles	Alaska	US	66.9139	-151.529
BTU	Bintulu	Malaysia	MY	3.1239	113.02
BTV	Burlington	Vermont	US	44.4719	-73.1533
BTW	Batu Licin	Indonesia	ID	-3.4124	115.995
BUA	Buka Island	Papua New Guinea	PG	-5.4223	154.673
BUC	Burketown Airport	Australia	AU	-17.7486	139.534
BUD	Budapest	Hungary	HU	47.4302	19.2624
BUF	Buffalo	New York	US	42.9405	-78.7322
BUI	Bokondini	Indonesia	ID	-3.6846	138.677
BUN	Buenaventura	Colombia	CO	3.8196	-76.9898
BUQ	Bulawayo	Zimbabwe	ZW	-20.0163	28.6229
BUR	Burbank	California	US	34.2028	-118.358
BUS	Batumi	Georgia	GE	41.6094	41.6003
BUT	Jakar	Bhutan	BT	27.5622	90.7471
BUU	Muara Bungo	Indonesia	ID	-1.5416	102.182
BUX	Bunia	Democratic Republic of the Congo	CD	1.5657	30.2207
BUZ	Bushehr	Iran	IR	28.9448	50.8346
BVA	Beauvais	France	FR	49.4544	2.1128
BVB	Boa Vista	Brazil	BR	2.8462	-60.6906
BVC	Rabil	Cape Verde	CV	16.1365	-22.8889
BVE	Brive	France	FR	45.0397	1.4856
BVG	Berlevåg	Norway	NO	70.8715	29.0341
BVH	Vilhena	Brazil	BR	-12.6944	-60.0983
BVI	Birdsville Airport	Australia	AU	-25.8975	139.348
BVJ	Bovanenkovo	Russia	RU	70.3153	68.3336
BVS	Breves	Brazil	BR	-1.6365	-50.4436
BWA	Siddharthanagar	Nepal	NP	27.5046	83.4104
BWI	Baltimore	Maryland	US	39.1754	-76.6683
BWK	Gornji Humac	Croatia	HR	43.2845	16.6784
BWN	Bandar Seri Begawan	Brunei	BN	4.9442	114.928
BWO	Balakovo	Russia	RU	51.8583	47.7456
BWT	Burnie	Australia	AU	-40.997	145.726
BWX	Rogojampi, Banyuwangi	Indonesia	ID	-8.3102	114.34
BXG	Bendigo Airport	Australia	AU	-36.7394	144.33
BXH	Balkhash	Kazakhstan	KZ	46.8942	75.0045
BXR	Bam	Iran	IR	29.0842	58.45
BXT	Bontang-Borneo Island	Indonesia	ID	0.1217	117.477
BXU	Butuan	Philippines	PH	8.9515	125.479
BXY	Baikonur	Kazakhstan	KZ	45.622	63.2108
BYK	Bouaké	Côte d'Ivoire	CI	7.7388	-5.0737
BYM	Bayamo	Cuba	CU	20.3964	-76.6214
BYN	Bayankhongor	Mongolia	MN	46.1633	100.704
BYO	Bonito	Brazil	BR	-21.2473	-56.4524
BYR	Læsø	Denmark	DK	57.2772	11.0001
BYW	Blakely Island	Washington	US	48.5792	-122.824
BZE	Belize City	Belize	BZ	17.54	-88.3036
BZG	Bydgoszcz	Poland	PL	53.0968	17.9777
BZI	Balıkesir	Turkey	TR	39.6193	27.926
BZL	Barisal	Bangladesh	BD	22.801	90.3012
BZN	Bozeman	Montana	US	45.7789	-111.154
BZO	Bolzano	Italy	IT	46.4592	11.3261
BZR	Béziers	France	FR	43.3235	3.3539
BZV	Brazzaville	Republic of the Congo	CG	-4.2517	15.253
BZX	Bazhong	China	CN	31.7384	106.645
CAB	Cabinda	Angola	AO	-5.5984	12.1881
CAC	Cascavel	Brazil	BR	-25.0003	-53.5012
CAE	Columbia	South Carolina	US	33.9382	-81.123
CAF	Carauari	Brazil	BR	-4.8715	-66.8976
CAG	Cagliari	Italy	IT	39.2515	9.0543
CAH	Ca Mau City	Vietnam	VN	9.1777	105.178
CAI	Cairo	Egypt	EG	30.1115	31.3967
CAJ	Canaima	Venezuela	VE	6.232	-62.8548
CAK	Akron	Ohio	US	40.9161	-81.4422
CAL	Campbeltown	United Kingdom	GB	55.4372	-5.6864
CAN	Guangzhou	China	CN	23.3924	113.299
CAP	Cap Haitien	Haiti	HT	19.7255	-72.2007
CAT	Cascais	Portugal	PT	38.725	-9.3552
CAU	Caruaru	Brazil	BR	-8.2824	-36.0135
CAW	Campos dos Goytacazes	Brazil	BR	-21.6983	-41.3017
CAY	Matoury	French Guiana	GF	4.82	-52.3613
CAZ	Cobar Airport	Australia	AU	-31.5383	145.794
CBB	Cochabamba	Bolivia	BO	-17.4211	-66.1771
CBH	Béchar	Algeria	DZ	31.6457	-2.2699
CBO	Datu Odin Sinsuat	Philippines	PH	7.1648	124.21
CBQ	Calabar	Nigeria	NG	4.976	8.3472
CBR	Canberra	Australia	AU	-35.3069	149.195
CBT	Catumbela	Angola	AO	-12.4792	13.4869
CCA	Chimore	Bolivia	BO	-16.9768	-65.1456
CCC	Cayo Coco	Cuba	CU	22.461	-78.3284
CCE	New Cairo	Egypt	EG	30.0647	31.84
CCF	Carcassonne	France	FR	43.216	2.3063
CCJ	Calicut	India	IN	11.136	75.9552
CCK	West Island	Cocos (Keeling) Islands	CC	-12.1922	96.8341
CCP	Concepcion	Chile	CL	-36.7724	-73.0628
CCR	Concord	California	US	37.9897	-122.057
CCS	Maiquetía	Venezuela	VE	10.6022	-66.9912
CCU	Kolkata	India	IN	22.654	88.4476
CCV	Craig Cove	Vanuatu	VU	-16.265	167.924
CCZ	Chub Cay	Bahamas	BS	25.4171	-77.8809
CDB	Cold Bay	Alaska	US	55.2079	-162.725
CDC	Cedar City	Utah	US	37.701	-113.099
CDE	Chengde	China	CN	41.1225	118.074
CDG	Paris	France	FR	49.009	2.5541
CDP	Kadapa	India	IN	14.5132	78.7692
CDR	Chadron	Nebraska	US	42.8376	-103.095
CDT	Castellón de la Plana	Spain	ES	40.2139	0.0733
CDV	Cordova	Alaska	US	60.4918	-145.478
CEB	Cebu City/Lapu-Lapu City	Philippines	PH	10.3093	123.98
CEC	Crescent City	California	US	41.7789	-124.236
CED	Ceduna Airport	Australia	AU	-32.1306	133.71
CEE	Cherepovets	Russia	RU	59.2736	38.0158
CEI	Chiang Rai	Thailand	TH	19.9523	99.8829
CEK	Chelyabinsk	Russia	RU	55.3031	61.5049
CEL	Canela	Brazil	BR	-29.3701	-50.8317
CEM	Central	Alaska	US	65.5738	-144.781
CEN	Ciudad Obregón	Mexico	MX	27.3926	-109.833
CEZ	Cortez	Colorado	US	37.303	-108.628
CFB	Cabo Frio	Brazil	BR	-22.9215	-42.0719
CFE	Clermont-Ferrand	France	FR	45.7867	3.1692
CFG	Cienfuegos	Cuba	CU	22.15	-80.4142
CFK	Chlef	Algeria	DZ	36.2166	1.3411
CFN	Donegal	Ireland	IE	55.0442	-8.341
CFR	Caen	France	FR	49.1768	-0.4549
CFS	Coffs Harbour	Australia	AU	-30.3206	153.116
CFU	Kerkyra	Greece	GR	39.6014	19.9122
CGA	Craig	Alaska	US	55.4788	-133.148
CGB	Cuiabá	Brazil	BR	-15.6529	-56.1167
CGD	Changde	China	CN	28.9189	111.64
CGH	São Paulo	Brazil	BR	-23.6277	-46.6546
CGI	Cape Girardeau	Missouri	US	37.2253	-89.5708
CGK	Jakarta	Indonesia	ID	-6.1256	106.656
CGM	Mambajao	Philippines	PH	9.2539	124.709
CGN	Köln	Germany	DE	50.8659	7.1427
CGO	Zhengzhou	China	CN	34.5265	113.849
CGP	Chattogram	Bangladesh	BD	22.2496	91.8133
CGQ	Changchun	China	CN	43.9962	125.685
CGR	Campo Grande	Brazil	BR	-20.47	-54.674
CGY	Laguindingan	Philippines	PH	8.6122	124.457
CHA	Chattanooga	Tennessee	US	35.0353	-85.2038
CHC	Christchurch	New Zealand	NZ	-43.489	172.532
CHE	Tallinn	Estonia	EE	59.448	24.7533
CHG	Shuangta, Chaoyang	China	CN	41.5381	120.435
CHH	Chachapoyas	Peru	PE	-6.2019	-77.8562
CHM	Chimbote	Peru	PE	-9.1496	-78.5238
CHO	Charlottesville	Virginia	US	38.1386	-78.4529
CHQ	Souda	Greece	GR	35.5312	24.1507
CHS	Charleston	South Carolina	US	32.8962	-80.0382
CHT	Te One	New Zealand	NZ	-43.8119	-176.465
CHU	Chuathbaluk	Alaska	US	61.5791	-159.216
CHX	Changuinola	Panama	PA	9.459	-82.5151
CHY	Choiseul Bay	Solomon Islands	SB	-6.7119	156.396
CIA	Rome	Italy	IT	41.7988	12.5953
CID	Cedar Rapids	Iowa	US	41.8847	-91.7108
CIF	Chifeng	China	CN	42.1597	118.841
CIH	Changzhi	China	CN	36.2475	113.126
CIJ	Cobija	Bolivia	BO	-11.0391	-68.7828
CIK	Chalkyitsik	Alaska	US	66.645	-143.74
CIT	Shymkent	Kazakhstan	KZ	42.365	69.4756
CIU	Kincheloe	Michigan	US	46.242	-84.4621
CIW	Canouan	Saint Vincent and the Grenadines	VC	12.699	-61.3424
CIX	Chiclayo	Peru	PE	-6.7892	-79.8283
CIY	Comiso	Italy	IT	36.9958	14.6089
CJA	Cajamarca	Peru	PE	-7.1392	-78.4894
CJB	Coimbatore	India	IN	11.03	77.0434
CJC	Calama	Chile	CL	-22.4982	-68.9036
CJJ	Cheongju	South Korea	KR	36.7156	127.5
CJL	Chitral	Pakistan	PK	35.8862	71.7999
CJM	Chumphon	Thailand	TH	10.7112	99.3617
CJN	Cijulang	Indonesia	ID	-7.7199	108.489
CJS	Ciudad Juárez	Mexico	MX	31.6367	-106.428
CJU	Jeju City	South Korea	KR	33.5121	126.493
CJZ	Cajazeiras	Brazil	BR	-6.8827	-38.6158
CKB	Bridgeport	West Virginia	US	39.2966	-80.2281
CKD	Crooked Creek	Alaska	US	61.8703	-158.138
CKG	Chongqing	China	CN	29.7123	106.652
CKH	Chokurdah	Russia	RU	70.6231	147.902
CKS	Parauapebas	Brazil	BR	-6.1178	-50.0034
CKW	Christmas Creek Mine	Australia	AU	-22.3543	119.643
CKX	Chicken	Alaska	US	64.0665	-141.951
CKY	Conakry	Guinea	GN	9.5769	-13.612
CKZ	Çanakkale	Turkey	TR	40.1377	26.4268
CLD	Carlsbad	California	US	33.1283	-117.28
CLE	Cleveland	Ohio	US	41.4117	-81.8498
CLJ	Cluj-Napoca	Romania	RO	46.786	23.6857
CLL	College Station	Texas	US	30.5886	-96.3638
CLO	Cali	Colombia	CO	3.5427	-76.3819
CLP	Clarks Point	Alaska	US	58.8337	-158.529
CLQ	Colima	Mexico	MX	19.277	-103.577
CLT	Charlotte	North Carolina	US	35.214	-80.9431
CLV	Caldas Novas	Brazil	BR	-17.7251	-48.6063
CLY	Calvi	France	FR	42.5304	8.793
CMA	Cunnamulla Airport	Australia	AU	-28.03	145.622
CMB	Colombo	Sri Lanka	LK	7.1808	79.8841
CME	Ciudad del Carmen	Mexico	MX	18.6515	-91.7994
CMF	Chambéry	France	FR	45.6381	5.8802
CMG	Corumbá	Brazil	BR	-19.0119	-57.6728
CMH	Columbus	Ohio	US	39.998	-82.8919
CMI	Savoy	Illinois	US	40.0398	-88.2762
CMN	Casablanca	Morocco	MA	33.3675	-7.59
CMU	Kundiawa	Papua New Guinea	PG	-6.0243	144.971
CMW	Camaguey	Cuba	CU	21.4199	-77.848
CMX	Hancock	Michigan	US	47.1684	-88.4891
CNB	Coonamble Airport	Australia	AU	-30.9809	148.378
CNC	Coconut Island Airport	Australia	AU	-10.0501	143.07
CND	Constanța	Romania	RO	44.3622	28.4883
CNF	Belo Horizonte	Brazil	BR	-19.6357	-43.9669
CNI	Dalian	China	CN	39.2664	122.667
CNJ	Cloncurry	Australia	AU	-20.6686	140.504
CNM	Carlsbad	New Mexico	US	32.3375	-104.263
CNN	Kannur	India	IN	11.9163	75.545
CNP	Neerlerit Inaat	Greenland	GL	70.7431	-22.6505
CNQ	Corrientes	Argentina	AR	-27.4455	-58.7619
CNS	Cairns	Australia	AU	-16.8789	145.75
CNX	Chiang Mai	Thailand	TH	18.7668	98.9626
CNY	Moab	Utah	US	38.755	-109.755
COD	Cody	Wyoming	US	44.5202	-109.024
COK	Kochi	India	IN	10.151	76.4008
COL	Coll Island	United Kingdom	GB	56.6019	-6.6178
COO	Cotonou	Benin	BJ	6.3572	2.3843
COQ	Choibalsan Airport	Mongolia	MN	48.1354	114.647
COR	Cordoba	Argentina	AR	-31.3123	-64.2083
COS	Colorado Springs	Colorado	US	38.8058	-104.701
COU	Columbia	Missouri	US	38.8181	-92.2196
COV	Tarsus	Turkey	TR	36.8915	35.0712
CPC	Chapelco/San Martin de los Andes	Argentina	AR	-40.0754	-71.1373
CPD	Coober Pedy	Australia	AU	-29.0383	134.722
CPE	Campeche	Mexico	MX	19.816	-90.5001
CPH	Copenhagen	Denmark	DK	55.6179	12.656
CPO	Copiapo	Chile	CL	-27.2612	-70.7792
CPR	Casper	Wyoming	US	42.9074	-106.462
CPT	Cape Town	South Africa	ZA	-33.974	18.6043
CPV	Campina Grande	Brazil	BR	-7.2697	-35.8961
CPX	Culebra	Puerto Rico	PR	18.313	-65.3039
CQW	Wulong	China	CN	29.4657	107.694
CRA	Craiova	Romania	RO	44.3181	23.8886
CRD	Comodoro Rivadavia	Argentina	AR	-45.7869	-67.4634
CRI	Colonel Hill	Bahamas	BS	22.7456	-74.1824
CRK	Mabalacat	Philippines	PH	15.186	120.56
CRL	Charleroi	Belgium	BE	50.462	4.4596
CRM	Catarman	Philippines	PH	12.5016	124.635
CRP	Corpus Christi	Texas	US	27.7704	-97.5012
CRU	Carriacou Island	Grenada	GD	12.4761	-61.4728
CRV	Isola di Capo Rizzuto	Italy	IT	38.9972	17.0802
CRW	Charleston	West Virginia	US	38.3731	-81.5932
CRZ	Türkmenabat	Turkmenistan	TM	38.9307	63.564
CSA	Colonsay	United Kingdom	GB	56.0575	-6.2431
CSG	Columbus	Georgia	US	32.5164	-84.9396
CSH	Solovetsky Islands	Russia	RU	65.03	35.7306
CSK	Cap Skirring	Senegal	SN	12.3953	-16.748
CSW	Cabo San Lucas	Mexico	MX	22.9491	-109.939
CSX	Changsha	China	CN	28.1892	113.22
CSY	Cheboksary	Russia	RU	56.0903	47.3473
CTA	Catania	Italy	IT	37.4668	15.0664
CTC	Catamarca	Argentina	AR	-28.5931	-65.7512
CTD	Chitré	Panama	PA	7.9878	-80.4098
CTG	Cartagena	Colombia	CO	10.4424	-75.513
CTL	Charleville	Australia	AU	-26.4133	146.262
CTM	Chetumal	Mexico	MX	18.505	-88.328
CTN	Cooktown Airport	Australia	AU	-15.4436	145.183
CTS	Sapporo	Japan	JP	42.7748	141.69
CTU	Chengdu	China	CN	30.5583	103.946
CUA	Comondú	Mexico	MX	25.0538	-111.615
CUC	Cúcuta	Colombia	CO	7.9276	-72.5115
CUE	Cuenca	Ecuador	EC	-2.8895	-78.9844
CUF	Levaldigi	Italy	IT	44.5475	7.623
CUK	Caye Caulker	Belize	BZ	17.735	-88.0329
CUL	Culiacán	Mexico	MX	24.765	-107.475
CUM	Cumaná	Venezuela	VE	10.4503	-64.1305
CUN	Cancún	Mexico	MX	21.0408	-86.8735
CUP	Carúpano	Venezuela	VE	10.66	-63.2617
CUQ	Coen	Australia	AU	-13.7611	143.113
CUR	Willemstad	Curaçao	CW	12.1889	-68.9598
CUU	Chihuahua	Mexico	MX	28.7026	-105.964
CUZ	Cusco	Peru	PE	-13.5357	-71.9388
CVG	Cincinnati / Covington	Kentucky	US	39.0488	-84.6678
CVM	Ciudad Victoria	Mexico	MX	23.7033	-98.9565
CVN	Clovis	New Mexico	US	34.4266	-103.079
CVQ	Carnarvon	Australia	AU	-24.8843	113.666
CVU	Corvo	Portugal	PT	39.6715	-31.1136
CWA	Mosinee	Wisconsin	US	44.7774	-89.6702
CWB	Curitiba	Brazil	BR	-25.5285	-49.1758
CWJ	Lincang	China	CN	23.2763	99.3732
CWL	Cardiff	United Kingdom	GB	51.3967	-3.3433
CWS	Center Island	Washington	US	48.49	-122.832
CXB	Cox's Bazar	Bangladesh	BD	21.4575	91.9633
CXH	Vancouver	Canada	CA	49.2907	-123.118
CXI	Kiritimati	Kiribati	KI	1.9863	-157.35
CXJ	Caxias Do Sul	Brazil	BR	-29.1972	-51.1876
CXP	Cilacap	Indonesia	ID	-7.6451	109.034
CXR	Nha Trang/nha Trang aiurportCam Ranh	Vietnam	VN	11.9982	109.219
CYA	Les Cayes	Haiti	HT	18.2711	-73.7883
CYB	West End	Cayman Islands	KY	19.687	-79.8828
CYC	Caye Chapel	Belize	BZ	17.6838	-88.045
CYF	Chefornak	Alaska	US	60.1367	-164.279
CYI	Shuishang	Taiwan	TW	23.4626	120.391
CYM	Chatham	Alaska	US	57.5149	-134.946
CYO	Cayo Largo del Sur	Cuba	CU	21.6165	-81.546
CYP	Calbayog City	Philippines	PH	12.0726	124.545
CYS	Cheyenne	Wyoming	US	41.1557	-104.812
CYT	Yakataga	Alaska	US	60.081	-142.494
CYU	Cuyo	Philippines	PH	10.8581	121.069
CYX	Cherskiy	Russia	RU	68.7406	161.338
CYZ	Cauayan City	Philippines	PH	16.9299	121.753
CZE	Coro	Venezuela	VE	11.4149	-69.6809
CZH	Corozal	Belize	BZ	18.3822	-88.4119
CZL	Constantine	Algeria	DZ	36.276	6.6204
CZM	Cozumel	Mexico	MX	20.5149	-86.9285
CZS	Cruzeiro Do Sul	Brazil	BR	-7.5999	-72.7695
CZU	Corozal	Colombia	CO	9.3327	-75.2856
CZX	Changzhou	China	CN	31.9205	119.775
DAB	Daytona Beach	Florida	US	29.1825	-81.0595
DAC	Dhaka	Bangladesh	BD	23.8433	90.3978
DAD	Da Nang	Vietnam	VN	16.0439	108.199
DAL	Dallas	Texas	US	32.8448	-96.8477
DAM	Damascus	Syria	SY	33.4115	36.5156
DAR	Dar es Salaam	Tanzania	TZ	-6.8735	39.2073
DAT	Datong	China	CN	40.0614	113.481
DAU	Daru	Papua New Guinea	PG	-9.0868	143.208
DAV	David	Panama	PA	8.389	-82.4364
DAX	Dazhou	China	CN	31.1302	107.43
DAY	Dayton	Ohio	US	39.9024	-84.2194
DBA	Dalbandin	Pakistan	PK	28.8783	64.3998
DBB	El Alamein	Egypt	EG	30.9243	28.4616
DBC	Baicheng	China	CN	45.5053	123.02
DBM	Debre Markos	Ethiopia	ET	10.3215	37.7419
DBO	Dubbo	Australia	AU	-32.2167	148.575
DBQ	Dubuque	Iowa	US	42.402	-90.7095
DBR	Darbhanga	India	IN	26.1928	85.9169
DBV	Dubrovnik	Croatia	HR	42.5622	18.2655
DCA	Washington	District of Columbia	US	38.8521	-77.0377
DCF	Canefield	Dominica	DM	15.3367	-61.3921
DCM	Castres	France	FR	43.5563	2.2892
DCY	Garzê	China	CN	29.3163	100.06
DDC	Dodge City	Kansas	US	37.7634	-99.9656
DDG	Dandong	China	CN	40.0255	124.287
DDR	Xigazê	China	CN	28.6046	86.798
DEA	Dera Ghazi Khan	Pakistan	PK	29.961	70.4859
DEB	Debrecen	Hungary	HU	47.4895	21.6163
DEC	Decatur	Illinois	US	39.8346	-88.8657
DED	Dehradun	India	IN	30.1892	78.1767
DEE	Yuzhno-Kurilsk	Russia	RU	43.9611	145.685
DEF	Dezful	Iran	IR	32.4344	48.3976
DEL	New Delhi	India	IN	28.5556	77.0952
DEM	Dembidollo	Ethiopia	ET	8.554	34.858
DEN	Denver	Colorado	US	39.86	-104.674
DEX	Dekai	Indonesia	ID	-4.8557	139.482
DFW	Dallas-Fort Worth	Texas	US	32.8968	-97.038
DGA	Dangriga	Belize	BZ	16.9825	-88.231
DGH	Deoghar	India	IN	24.4468	86.705
DGO	Durango	Mexico	MX	24.1255	-104.528
DGT	Dumaguete City	Philippines	PH	9.3342	123.302
DHB	Deer Harbor	Washington	US	48.6167	-123.003
DHM	Kangra	India	IN	32.1649	76.263
DHN	Dothan	Alabama	US	31.3213	-85.4496
DHX	Kediri	Indonesia	ID	-7.7495	111.947
DIA	Doha	Qatar	QA	25.2594	51.5655
DIB	Dibrugarh	India	IN	27.4839	95.0169
DIE	Antisiranana	Madagascar	MG	-12.3494	49.2917
DIG	Diqing	China	CN	27.7936	99.6772
DIK	Dickinson	North Dakota	US	46.7975	-102.802
DIL	Dili	Timor-Leste	TL	-8.5466	125.525
DIN	Dien Bien Phu	Vietnam	VN	21.3975	103.008
DIO	Diomede	Alaska	US	65.7584	-168.954
DIR	Dire Dawa	Ethiopia	ET	9.6235	41.855
DIU	Diu	India	IN	20.7142	70.9219
DIY	Diyarbakır	Turkey	TR	37.8939	40.201
DJB	Jambi	Indonesia	ID	-1.6387	103.645
DJE	Mellita	Tunisia	TN	33.8737	10.7773
DJG	Djanet	Algeria	DZ	24.2854	9.4637
DJJ	Sentani	Indonesia	ID	-2.5796	140.52
DJT	West Palm Beach	Florida	US	26.6832	-80.0956
DKA	Katsina	Nigeria	NG	13.0078	7.6604
DLA	Douala	Cameroon	CM	4.0061	9.7195
DLC	Dalian	China	CN	38.9657	121.538
DLE	Dole	France	FR	47.039	5.4276
DLG	Dillingham	Alaska	US	59.0447	-158.505
DLH	Duluth	Minnesota	US	46.8419	-92.1987
DLI	Da Lat	Vietnam	VN	11.7506	108.367
DLM	Dalaman	Turkey	TR	36.7131	28.7925
DLR	Dalnerechensk	Russia	RU	45.8799	133.738
DLU	Dali	China	CN	25.6494	100.319
DLZ	Dalanzadgad	Mongolia	MN	43.6086	104.368
DMB	Taraz	Kazakhstan	KZ	42.8536	71.3036
DMD	Doomadgee Airport	Australia	AU	-17.9403	138.822
DME	Moscow	Russia	RU	55.4088	37.9063
DMK	Bangkok	Thailand	TH	13.9126	100.607
DMM	Ad Dammam	Saudi Arabia	SA	26.4691	49.7982
DMU	Dimapur	India	IN	25.8839	93.7711
DND	Dundee	United Kingdom	GB	56.4525	-3.0258
DNH	Dunhuang	China	CN	40.162	94.8128
DNZ	Denizli	Turkey	TR	37.7856	29.7013
DOD	Dodoma	Tanzania	TZ	-6.1706	35.756
DOG	Dongola	Sudan	SD	19.1537	30.4301
DOH	Doha	Qatar	QA	25.2731	51.6081
DOL	Deauville	France	FR	49.3652	0.1545
DOM	Marigot	Dominica	DM	15.5467	-61.3011
DOP	Dolpa	Nepal	NP	28.9857	82.8187
DOV	Dover	Delaware	US	39.1295	-75.466
DOY	Dongying	China	CN	37.5014	118.79
DPL	Dipolog	Philippines	PH	8.602	123.342
DPO	Devonport	Australia	AU	-41.1697	146.43
DPS	Kuta, Badung	Indonesia	ID	-8.7484	115.167
DPT	Deputatskiy	Russia	RU	69.3925	139.89
DQA	Daqing	China	CN	46.7509	125.139
DQM	Duqm	Oman	OM	19.5019	57.6342
DRG	Deering	Alaska	US	66.0689	-162.767
DRJ	Drietabbetje	Suriname	SR	4.1114	-54.6728
DRO	Durango	Colorado	US	37.1515	-107.754
DRP	Legazpi	Philippines	PH	13.1119	123.677
DRS	Dresden	Germany	DE	51.1341	13.7678
DRV	Baa Atoll	Maldives	MV	5.1561	73.1302
DRW	Darwin	Australia	AU	-12.415	130.882
DSD	Grande Anse	Guadeloupe	GP	16.2969	-61.0844
DSE	Dessie	Ethiopia	ET	11.1098	39.7259
DSI	Destin	Florida	US	30.4001	-86.4715
DSM	Des Moines	Iowa	US	41.534	-93.6567
DSN	Ordos	China	CN	39.4935	109.86
DSO	Sŏndŏng-ni	North Korea	KP	39.7452	127.474
DSS	Dakar	Senegal	SN	14.6709	-17.0728
DSY	Ta Noun	Cambodia	KH	10.9142	103.227
DTB	Siborong-Borong	Indonesia	ID	2.2597	98.9919
DTD	Datadawai-Borneo Island	Indonesia	ID	0.807	114.529
DTM	Dortmund	Germany	DE	51.5183	7.6122
DTR	Decatur	Washington	US	48.5002	-122.814
DTU	Heihe	China	CN	48.441	126.128
DTW	Detroit	Michigan	US	42.2138	-83.3538
DUB	Dublin	Ireland	IE	53.4287	-6.2621
DUD	Dunedin	New Zealand	NZ	-45.929	170.198
DUE	Chitato	Angola	AO	-7.4009	20.8185
DUJ	Dubois	Pennsylvania	US	41.1783	-78.8987
DUM	Dumai	Indonesia	ID	1.609	101.433
DUR	Durban	South Africa	ZA	-29.6144	31.1197
DUS	Düsseldorf	Germany	DE	51.2895	6.7668
DUT	Unalaska	Alaska	US	53.8988	-166.545
DVL	Devils Lake	North Dakota	US	48.1155	-98.9088
DVO	Davao	Philippines	PH	7.1255	125.646
DWB	Soalala	Madagascar	MG	-16.1017	45.3588
DWC	Dubai	United Arab Emirates	AE	24.8962	55.1624
DWD	Dawadmi	Saudi Arabia	SA	24.4499	44.1212
DWO	Sri Jayawardenepura Kotte	Sri Lanka	LK	6.9066	79.909
DXB	Dubai	United Arab Emirates	AE	25.2498	55.371
DXJ	Xiangxi	China	CN	28.4972	109.522
DXN	Gautam Buddha Nagar	India	IN	28.1799	77.6118
DYG	Zhangjiajie	China	CN	29.1047	110.443
DYR	Anadyr	Russia	RU	64.7349	177.741
DYU	Dushanbe	Tajikistan	TJ	38.5437	68.823
DZA	Dzaoudzi	Mayotte	YT	-12.8093	45.2818
DZH	Dazhou	China	CN	31.0488	107.436
DZN	Zhezkazgan	Kazakhstan	KZ	47.709	67.7381
EAA	Eagle	Alaska	US	64.778	-141.15
EAM	Najran	Saudi Arabia	SA	17.6114	44.4192
EAR	Kearney	Nebraska	US	40.727	-99.0068
EAS	Hondarribia	Spain	ES	43.3565	-1.7906
EAT	Wenatchee	Washington	US	47.3989	-120.207
EAU	Eau Claire	Wisconsin	US	44.8658	-91.4843
EAX	Kwatta	Suriname	SR	5.8638	-55.1895
EBA	Campo nell'Elba	Italy	IT	42.7609	10.2398
EBB	Entebbe	Uganda	UG	0.0424	32.4435
EBD	El-Obeid	Sudan	SD	13.1532	30.2327
EBH	El Bayadh	Algeria	DZ	33.7217	1.0925
EBJ	Esbjerg	Denmark	DK	55.5259	8.5534
EBL	Arbil	Iraq	IQ	36.236	43.9466
ECN	Tymbou	Cyprus	CY	35.1531	33.5074
ECP	Panama City Beach	Florida	US	30.3571	-85.7954
EDA	Edna Bay	Alaska	US	55.9497	-133.661
EDI	Ingliston, Edinburgh	United Kingdom	GB	55.9501	-3.3723
EDL	Eldoret	Kenya	KE	0.4045	35.2389
EDO	Edremit	Turkey	TR	39.5525	27.0102
EDR	Pormpuraaw	Australia	AU	-14.8965	141.609
EEK	Eek	Alaska	US	60.2132	-162.044
EFL	Kefallinia Island	Greece	GR	38.1201	20.5005
EGC	Bergerac	France	FR	44.8253	0.5186
EGE	Eagle	Colorado	US	39.6426	-106.918
EGS	Egilsstaðir	Iceland	IS	65.2833	-14.4014
EGX	Egegik	Alaska	US	58.1844	-157.375
EHU	Ezhou	China	CN	30.3412	115.039
EIE	Yeniseysk	Russia	RU	58.4742	92.1125
EIN	Eindhoven	Netherlands	NL	51.4501	5.3745
EIS	Beef Island	British Virgin Islands	VG	18.4455	-64.5417
EJA	Barrancabermeja	Colombia	CO	7.0243	-73.8068
EJH	Al Wajh	Saudi Arabia	SA	26.1986	36.4764
EJT	Enejit Island	Marshall Islands	MH	6.0404	171.985
EKO	Elko	Nevada	US	40.8249	-115.792
EKS	Shakhtyorsk	Russia	RU	49.1903	142.083
ELC	Elcho Island	Australia	AU	-12.0194	135.571
ELD	El Dorado	Arkansas	US	33.221	-92.8133
ELF	El Fasher	Sudan	SD	13.6149	25.3246
ELG	El Menia	Algeria	DZ	30.5807	2.8616
ELH	North Eleuthera	Bahamas	BS	25.4758	-76.6808
ELI	Elim	Alaska	US	64.6147	-162.272
ELM	Elmira/Corning	New York	US	42.1599	-76.8916
ELP	El Paso	Texas	US	31.8099	-106.376
ELQ	Qassim	Saudi Arabia	SA	26.3028	43.7744
ELS	East London	South Africa	ZA	-33.0356	27.8259
ELU	Guemar	Algeria	DZ	33.5114	6.7768
ELV	Elfin Cove	Alaska	US	58.1952	-136.347
EMA	Nottingham, Leicestershire	United Kingdom	GB	52.8311	-1.3281
EMD	Emerald	Australia	AU	-23.5675	148.179
EME	Emden	Germany	DE	53.3911	7.2275
EMK	Emmonak	Alaska	US	62.7861	-164.491
ENA	Kenai	Alaska	US	60.5709	-151.245
ENE	Ende	Indonesia	ID	-8.8491	121.661
ENF	Enontekio	Finland	FI	68.3626	23.4243
ENH	Enshi	China	CN	30.3203	109.485
ENI	El Nido	Philippines	PH	11.2024	119.416
ENO	Encarnación	Paraguay	PY	-27.2275	-55.8376
ENT	Eniwetok Atoll	Marshall Islands	MH	11.3407	162.328
ENU	Enegu	Nigeria	NG	6.4737	7.5605
ENY	Yan'an	China	CN	36.4794	109.464
EOH	Medellín	Colombia	CO	6.2197	-75.5906
EOI	Eday	United Kingdom	GB	59.1906	-2.7722
EPR	Esperance	Australia	AU	-33.6844	121.823
EPU	Pärnu	Estonia	EE	58.419	24.4728
EQS	Esquel	Argentina	AR	-42.908	-71.1395
ERC	Erzincan	Turkey	TR	39.7102	39.527
ERF	Erfurt	Germany	DE	50.9783	10.9607
ERH	Errachidia	Morocco	MA	31.9475	-4.3983
ERI	Erie	Pennsylvania	US	42.0831	-80.1739
ERL	Erenhot	China	CN	43.4241	112.091
ERS	Windhoek	Namibia	NA	-22.6049	17.079
ERZ	Erzurum	Turkey	TR	39.9565	41.1702
ESB	Ankara	Turkey	TR	40.1281	32.9951
ESC	Escanaba	Michigan	US	45.7232	-87.0886
ESD	Eastsound	Washington	US	48.7082	-122.91
ESL	Elista	Russia	RU	46.3739	44.3309
ESM	Tachina	Ecuador	EC	0.9785	-79.6266
ESR	El Salvador	Chile	CL	-26.3111	-69.7652
ESU	Essaouira	Morocco	MA	31.3975	-9.6817
ETM	Eilat	Israel	IL	29.727	35.0141
ETR	Santa Rosa	Ecuador	EC	-3.442	-79.997
ETZ	Goin	France	FR	48.9821	6.2513
EUA	Eua Island	Tonga	TO	-21.3783	-174.958
EUG	Eugene	Oregon	US	44.1246	-123.212
EUN	El Aaiún	Western Sahara (disputed territory)	EH	27.1425	-13.2249
EUX	Oranjestad	Caribbean Netherlands	BQ	17.4965	-62.9794
EVE	Evenes	Norway	NO	68.4913	16.6781
EVG	Sveg	Sweden	SE	62.0478	14.4229
EVN	Yerevan	Armenia	AM	40.1489	44.3979
EVV	Evansville	Indiana	US	38.037	-87.5324
EWB	New Bedford	Massachusetts	US	41.6761	-70.9569
EWN	New Bern	North Carolina	US	35.073	-77.0429
EWR	Newark	New Jersey	US	40.6894	-74.1705
EXI	Excursion Inlet	Alaska	US	58.4205	-135.449
EXT	Exeter, Devon	United Kingdom	GB	50.7343	-3.414
EYK	Beloyarskiy Airport	Russia	RU	63.6869	66.6986
EYP	Yopal	Colombia	CO	5.3191	-72.384
EYW	Key West	Florida	US	24.5561	-81.7596
EZE	Buenos Aires	Argentina	AR	-34.8222	-58.5358
EZS	Elazığ	Turkey	TR	38.598	39.2835
FAE	Vágar	Faroe Islands	FO	62.0633	-7.2758
FAI	Fairbanks	Alaska	US	64.8151	-147.856
FAO	Faro	Portugal	PT	37.0159	-7.9709
FAR	Fargo	North Dakota	US	46.9207	-96.8158
FAT	Fresno	California	US	36.7758	-119.718
FAV	Fakarava Airport	French Polynesia	PF	-16.0541	-145.657
FAY	Fayetteville	North Carolina	US	34.9912	-78.8803
FBD	Fayzabad	Afghanistan	AF	37.1221	70.5201
FBE	Francisco Beltrão	Brazil	BR	-26.0594	-53.0638
FBM	Lubumbashi	Democratic Republic of the Congo	CD	-11.5915	27.5308
FBS	Friday Harbor	Washington	US	48.5373	-123.01
FCA	Kalispell	Montana	US	48.3105	-114.256
FCN	Wurster Nordseeküste	Germany	DE	53.7677	8.6592
FCO	Rome	Italy	IT	41.8045	12.252
FDE	Førde	Norway	NO	61.3911	5.7569
FDF	Fort-de-France	Martinique	MQ	14.591	-61.0032
FDH	Friedrichshafen	Germany	DE	47.6713	9.5115
FDU	Bandundu	Democratic Republic of the Congo	CD	-3.3113	17.3817
FEG	Fergana	Uzbekistan	UZ	40.3588	71.745
FEN	Fernando de Noronha	Brazil	BR	-3.8545	-32.423
FEZ	Saïss	Morocco	MA	33.9273	-4.978
FGU	Fangatau	French Polynesia	PF	-15.82	-140.888
FHZ	Fakahina	French Polynesia	PF	-15.9923	-140.164
FIE	Fair Isle	United Kingdom	GB	59.5347	-1.6285
FIH	Kinshasa	Democratic Republic of the Congo	CD	-4.3857	15.4446
FIZ	Fitzroy Crossing Airport	Australia	AU	-18.1836	125.56
FJR	Fujairah	United Arab Emirates	AE	25.1084	56.3281
FKB	Rheinmünster	Germany	DE	48.7794	8.0805
FKI	Kisangani	Democratic Republic of the Congo	CD	0.4816	25.338
FKQ	Fakfak	Indonesia	ID	-2.9205	132.267
FKS	Sukagawa	Japan	JP	37.2274	140.431
FLA	Florencia	Colombia	CO	1.5892	-75.5644
FLG	Flagstaff	Arizona	US	35.1398	-111.67
FLL	Fort Lauderdale	Florida	US	26.0726	-80.1527
FLN	Florianópolis	Brazil	BR	-27.6703	-48.5525
FLO	Florence	South Carolina	US	34.1854	-79.7239
FLR	Firenze	Italy	IT	43.8086	11.2028
FLS	Whitemark	Australia	AU	-40.0917	147.993
FLW	Santa Cruz das Flores	Portugal	PT	39.4553	-31.1314
FLZ	Sibolga	Indonesia	ID	1.5571	98.8871
FMA	Formosa	Argentina	AR	-26.2127	-58.2281
FMI	Kalemie	Democratic Republic of the Congo	CD	-5.8756	29.25
FMM	Memmingen	Germany	DE	47.9881	10.2382
FMO	Greven	Germany	DE	52.1338	7.6885
FMT	Faresmaathodaa	Maldives	MV	0.1926	73.1968
FNA	Freetown	Sierra Leone	SL	8.6164	-13.1955
FNC	Funchal	Portugal	PT	32.6978	-16.7746
FND	Funadhoo	Maldives	MV	6.1624	73.2875
FNI	Nîmes/Garons	France	FR	43.7574	4.4164
FNJ	Pyongyang	North Korea	KP	39.2241	125.67
FNR	Funter Bay	Alaska	US	58.2544	-134.898
FNT	Flint	Michigan	US	42.9693	-83.7434
FOA	Foula	United Kingdom	GB	60.1219	-2.0534
FOC	Fuzhou	China	CN	25.9293	119.672
FOD	Fort Dodge	Iowa	US	42.5526	-94.1912
FOG	Foggia	Italy	IT	41.4336	15.5346
FON	La Fortuna	Costa Rica	CR	10.4693	-84.5791
FOR	Fortaleza	Brazil	BR	-3.7758	-38.5322
FPO	Freeport	Bahamas	BS	26.558	-78.6956
FRA	Frankfurt am Main	Germany	DE	50.0267	8.5584
FRD	Friday Harbor	Washington	US	48.5237	-123.025
FRE	Fera Island	Solomon Islands	SB	-8.1075	159.577
FRL	Forlì	Italy	IT	44.1948	12.0701
FRO	Florø	Norway	NO	61.5836	5.0247
FRS	San Benito	Guatemala	GT	16.9137	-89.8661
FRW	Francistown	Botswana	BW	-21.1592	27.4688
FSC	Figari	France	FR	41.5018	9.0971
FSD	Sioux Falls	South Dakota	US	43.5855	-96.7412
FSH	Singkil	Indonesia	ID	2.2696	97.9679
FSM	Fort Smith	Arkansas	US	35.3366	-94.3674
FSP	Saint-Pierre	Saint Pierre and Miquelon	PM	46.7627	-56.175
FSZ	Makinohara / Shimada	Japan	JP	34.795	138.191
FTA	Futuna Island	Vanuatu	VU	-19.5164	170.232
FTE	El Calafate	Argentina	AR	-50.2803	-72.0534
FTI	Fitiuta Village	American Samoa	AS	-14.2161	-169.424
FTU	Tôlanaro	Madagascar	MG	-25.0381	46.9561
FTW	Fort Worth	Texas	US	32.8199	-97.3608
FUE	El Matorral	Spain	ES	28.4527	-13.8638
FUG	Yingzhou, Fuyang	China	CN	32.8822	115.734
FUJ	Goto	Japan	JP	32.6663	128.833
FUK	Fukuoka	Japan	JP	33.5859	130.451
FUN	Funafuti	Tuvalu	TV	-8.5239	179.197
FUO	Foshan	China	CN	23.0825	113.071
FUT	Futuna Island	Wallis and Futuna	WF	-14.3116	-178.066
FWA	Fort Wayne	Indiana	US	40.9789	-85.1945
FYJ	Fuyuan	China	CN	48.1972	134.363
FYN	Fuyun	China	CN	46.8042	89.512
FYU	Fort Yukon	Alaska	US	66.5717	-145.25
GAJ	Higashine	Japan	JP	38.4119	140.371
GAL	Galena	Alaska	US	64.7362	-156.937
GAM	Gambell	Alaska	US	63.7677	-171.733
GAN	Gan	Maldives	MV	-0.693	73.1526
GAQ	Gao	Mali	ML	16.2485	-0.0054
GAU	Guwahati	India	IN	26.1067	91.5852
GAX	Gamba	Gabon	GA	-2.7853	10.0472
GAY	Gaya	India	IN	24.7443	84.9512
GBB	Gabala	Azerbaijan	AZ	40.8086	47.7254
GBE	Gaborone	Botswana	BW	-24.5552	25.9182
GBI	Kalaburagi	India	IN	17.3082	76.9652
GBJ	Grand-Bourg	Guadeloupe	GP	15.8689	-61.2701
GBZ	Claris	New Zealand	NZ	-36.2414	175.472
GCC	Gillette	Wyoming	US	44.3489	-105.539
GCH	Gachsaran	Iran	IR	30.3339	50.8338
GCI	Saint Peter Port	Guernsey	GG	49.435	-2.602
GCK	Garden City	Kansas	US	37.9275	-100.724
GCM	George Town	Cayman Islands	KY	19.2928	-81.3577
GCN	Grand Canyon - Tusayan	Arizona	US	35.9524	-112.147
GDB	Gondia	India	IN	21.5268	80.2903
GDE	Gode	Ethiopia	ET	5.9351	43.5786
GDL	Guadalajara	Mexico	MX	20.5233	-103.31
GDN	Gdańsk	Poland	PL	54.3776	18.4662
GDQ	Azezo	Ethiopia	ET	12.5199	37.434
GDT	Cockburn Town	Turks and Caicos Islands	TC	21.4445	-71.1423
GDV	Glendive	Montana	US	47.1377	-104.807
GDX	Magadan	Russia	RU	59.911	150.72
GDZ	Gelendzhik	Russia	RU	44.5821	38.0125
GEA	Nouméa	New Caledonia	NC	-22.2577	166.473
GEG	Spokane	Washington	US	47.6199	-117.534
GEL	Santo Ângelo	Brazil	BR	-28.2825	-54.1696
GEM	Mengomeyén	Equatorial Guinea	GQ	1.6764	11.0249
GEO	Georgetown	Guyana	GY	6.4985	-58.2541
GER	Nueva Gerona	Cuba	CU	21.8347	-82.7838
GES	General Santos	Philippines	PH	6.0572	125.096
GET	Moonyoonooka	Australia	AU	-28.7961	114.707
GEV	Gällivare	Sweden	SE	67.1324	20.8146
GFF	Griffith	Australia	AU	-34.2508	146.067
GFK	Grand Forks	North Dakota	US	47.9493	-97.1761
GGF	Almeirim	Brazil	BR	-1.4795	-52.5782
GGG	Longview	Texas	US	32.384	-94.7115
GGJ	Guaíra	Brazil	BR	-24.0811	-54.1917
GGR	Garowe	Somalia	SO	8.4585	48.5681
GGS	Gobernador Gregores	Argentina	AR	-48.7831	-70.15
GGT	Moss Town	Bahamas	BS	23.5626	-75.878
GGW	Glasgow	Montana	US	48.2125	-106.615
GHA	El Atteuf	Algeria	DZ	32.3841	3.7941
GHB	Governor's Harbour	Bahamas	BS	25.2847	-76.331
GHV	Brașov	Romania	RO	45.7056	25.5229
GIB	Gibraltar	Gibraltar	GI	36.1517	-5.3498
GIC	Boigu Island	Australia	AU	-9.2328	142.218
GID	Gitega	Burundi	BI	-3.4172	29.9113
GIG	Rio De Janeiro	Brazil	BR	-22.81	-43.2506
GIL	Gilgit	Pakistan	PK	35.9188	74.3336
GIS	Gisborne	New Zealand	NZ	-38.6633	177.978
GIZ	Jizan	Saudi Arabia	SA	16.9011	42.5858
GJA	Guanaja	Honduras	HN	16.4454	-85.9066
GJL	Tahir	Algeria	DZ	36.7941	5.8737
GJT	Grand Junction	Colorado	US	39.1267	-108.529
GKA	Goronka	Papua New Guinea	PG	-6.0817	145.392
GKK	Huvadhu Atoll	Maldives	MV	0.7324	73.4336
GKN	Gulkana	Alaska	US	62.1559	-145.455
GLA	Glasgow	United Kingdom	GB	55.8719	-4.4331
GLF	Golfito	Costa Rica	CR	8.654	-83.1822
GLH	Greenville	Mississippi	US	33.4829	-90.9856
GLK	Galcaio	Somalia	SO	6.7808	47.4547
GLT	Gladstone	Australia	AU	-23.8698	151.225
GLV	Golovin	Alaska	US	64.5505	-163.007
GMA	Gemena	Democratic Republic of the Congo	CD	3.2354	19.7713
GMB	Gambela	Ethiopia	ET	8.1288	34.5631
GME	Gomel	Belarus	BY	52.527	31.0167
GMI	Gasmata Island	Papua New Guinea	PG	-6.2711	150.331
GMO	Gombe	Nigeria	NG	10.2989	10.9
GMP	Seoul	South Korea	KR	37.5583	126.791
GMQ	Golog	China	CN	34.4181	100.301
GMR	Totegegie Airport	French Polynesia	PF	-23.0799	-134.89
GMZ	Alajero, La Gomera Island	Spain	ES	28.0296	-17.2146
GNB	Grenoble	France	FR	45.3629	5.3294
GND	Saint George's	Grenada	GD	12.004	-61.7853
GNJ	Ganja	Azerbaijan	AZ	40.7387	46.3204
GNS	Gunungsitoli	Indonesia	ID	1.1663	97.7052
GNU	Goodnews	Alaska	US	59.1176	-161.575
GNV	Gainesville	Florida	US	29.6901	-82.2718
GNY	Şanlıurfa	Turkey	TR	37.4457	38.8956
GOA	Genova	Italy	IT	44.412	8.8407
GOH	Nuuk	Greenland	GL	64.1911	-51.6791
GOI	Vasco da Gama	India	IN	15.3801	73.8333
GOJ	Nizhny Novgorod	Russia	RU	56.2274	43.7852
GOM	Goma	Democratic Republic of the Congo	CD	-1.6668	29.238
GOP	Gorakhpur	India	IN	26.7397	83.4497
GOQ	Golmud	China	CN	36.4006	94.7861
GOT	Göteborg	Sweden	SE	57.6628	12.2798
GOU	Garoua	Cameroon	CM	9.3348	13.3721
GOV	Nhulunbuy	Australia	AU	-12.2694	136.818
GOX	Mopa	India	IN	15.7443	73.8606
GOY	Tura	Russia	RU	64.3335	100.433
GPA	Patras	Greece	GR	38.1511	21.4256
GPI	Guapi	Colombia	CO	2.5701	-77.898
GPS	Isla Baltra	Ecuador	EC	-0.4538	-90.2659
GPT	Gulfport	Mississippi	US	30.4056	-89.0698
GRB	Green Bay	Wisconsin	US	44.4835	-88.1308
GRI	Grand Island	Nebraska	US	40.9675	-98.3096
GRJ	George	South Africa	ZA	-34.0056	22.3789
GRK	Fort Cavazos	Texas	US	31.0672	-97.8289
GRO	Girona	Spain	ES	41.9046	2.7618
GRQ	Groningen	Netherlands	NL	53.1191	6.5777
GRR	Grand Rapids	Michigan	US	42.8808	-85.5228
GRU	São Paulo	Brazil	BR	-23.4313	-46.47
GRV	Grozny	Russia	RU	43.3881	45.6998
GRW	Santa Cruz da Graciosa	Portugal	PT	39.0922	-28.0298
GRX	Granada	Spain	ES	37.1887	-3.7774
GRY	Grímsey/Sandvík	Iceland	IS	66.5458	-18.0173
GRZ	Feldkirchen bei Graz	Austria	AT	46.9911	15.4396
GSM	Qeshm	Iran	IR	26.7546	55.9024
GSO	Greensboro	North Carolina	US	36.0994	-79.9373
GSP	Greenville/Greer/Spartanburg	South Carolina	US	34.8957	-82.2189
GST	Gustavus	Alaska	US	58.4253	-135.707
GSV	Saratov	Russia	RU	51.7128	46.1711
GTA	Gatokae	Solomon Islands	SB	-8.7384	158.203
GTE	Groote Eylandt	Australia	AU	-13.9724	136.459
GTF	Great Falls	Montana	US	47.482	-111.371
GTO	Gorontalo	Indonesia	ID	0.6371	122.85
GTR	Columbus/W Point/Starkville	Mississippi	US	33.4503	-88.5914
GUA	Guatemala City	Guatemala	GT	14.5829	-90.5275
GUB	San Quintín	Mexico	MX	28.0261	-114.024
GUC	Gunnison	Colorado	US	38.5347	-106.935
GUM	Hagåtña	Guam	GU	13.485	144.797
GUP	Gallup	New Mexico	US	35.5117	-108.788
GUR	Gurney	Papua New Guinea	PG	-10.3115	150.334
GUW	Atyrau	Kazakhstan	KZ	47.1213	51.8203
GUZ	Guarapari	Brazil	BR	-20.6465	-40.4919
GVA	Geneva	Switzerland	CH	46.2381	6.109
GVR	Governador Valadares	Brazil	BR	-18.8959	-41.9829
GWD	Gurandani	Pakistan	PK	25.2967	62.4988
GWL	Gwalior	India	IN	26.2933	78.2278
GWT	Sylt	Germany	DE	54.9132	8.3405
GXF	Seiyun	Yemen	YE	15.9659	48.7881
GXG	Negage	Angola	AO	-7.7545	15.2877
GXH	Gannan	China	CN	34.819	102.622
GYA	Guayaramerín	Bolivia	BO	-10.8886	-65.381
GYD	Baku	Azerbaijan	AZ	40.4728	50.0509
GYE	Guayaquil	Ecuador	EC	-2.1574	-79.8836
GYM	Guaymas	Mexico	MX	27.969	-110.925
GYN	Goiânia	Brazil	BR	-16.632	-49.2207
GYS	Guangyuan	China	CN	32.3903	105.695
GYU	Guyuan	China	CN	36.0789	106.217
GYY	Gary	Indiana	US	41.6171	-87.4132
GYZ	Cosmo Newbery	Australia	AU	-28.0345	123.815
GZG	Garzê	China	CN	31.7575	99.5542
GZM	Gozo	Malta	MT	36.0272	14.2728
GZO	Gizo	Solomon Islands	SB	-8.0978	156.864
GZP	Gazipaşa	Turkey	TR	36.2988	32.297
GZT	Gaziantep	Turkey	TR	36.9472	37.4787
HAA	Hasvik	Norway	NO	70.4867	22.1397
HAC	Hachijojima	Japan	JP	33.1148	139.786
HAD	Halmstad	Sweden	SE	56.6911	12.8202
HAH	Moroni	Comoros	KM	-11.5337	43.2719
HAJ	Hannover	Germany	DE	52.4611	9.6851
HAK	Haikou	China	CN	19.9349	110.459
HAL	Halali	Namibia	NA	-19.0285	16.4585
HAM	Hamburg	Germany	DE	53.6304	9.9882
HAN	Hanoi	Vietnam	VN	21.2212	105.807
HAQ	Haa Dhaalu Atoll	Maldives	MV	6.7432	73.1671
HAS	Hail	Saudi Arabia	SA	27.4379	41.6863
HAU	Karmøy	Norway	NO	59.3453	5.2084
HAV	Havana	Cuba	CU	22.9892	-82.4091
HBA	Hobart	Australia	AU	-42.837	147.513
HBE	Alexandria	Egypt	EG	30.9325	29.6964
HBQ	Haibei	China	CN	38.0081	100.645
HBT	Hambantota	Sri Lanka	LK	6.124	81.103
HBX	Hubballi	India	IN	15.3611	75.0821
HCJ	Hechi	China	CN	24.8043	107.711
HCR	Holy Cross	Alaska	US	62.1883	-159.775
HCZ	Chenzhou	China	CN	25.7534	112.845
HDD	Hyderabad	Pakistan	PK	25.3181	68.3661
HDF	Zirchow	Germany	DE	53.8787	14.1523
HDG	Handan	China	CN	36.5248	114.424
HDK	Kulhudhuffushi	Maldives	MV	6.6308	73.0678
HDM	Hamadan	Iran	IR	34.8664	48.5607
HDN	Hayden	Colorado	US	40.4812	-107.218
HDO	Ghaziabad	India	IN	28.7077	77.3589
HDS	Hoedspruit	South Africa	ZA	-24.3619	31.0529
HDY	Hat Yai	Thailand	TH	6.9332	100.393
HEA	Guzara	Afghanistan	AF	34.21	62.2283
HEH	Heho	Myanmar	MM	20.7471	96.792
HEI	Oesterdeichstrich	Germany	DE	54.1533	8.9017
HEK	Heihe	China	CN	50.1716	127.309
HEL	Helsinki	Finland	FI	60.3184	24.9633
HER	Heraklion	Greece	GR	35.3397	25.1803
HET	Hohhot	China	CN	40.8497	111.825
HFA	Haifa	Israel	IL	32.8102	35.0437
HFE	Hefei	China	CN	31.9878	116.977
HFN	Höfn	Iceland	IS	64.2956	-15.2272
HFS	Råda	Sweden	SE	60.0201	13.5789
HFT	Hammerfest	Norway	NO	70.6797	23.6686
HGA	Hargeisa	Somalia	SO	9.5141	44.0835
HGD	Hughenden	Australia	AU	-20.815	144.225
HGH	Hangzhou	China	CN	30.2361	120.429
HGI	Hollongi	India	IN	26.9668	93.6388
HGL	Helgoland	Germany	DE	54.1853	7.9158
HGN	Mae Hong Son	Thailand	TH	19.3013	97.9758
HGO	Korhogo	Côte d'Ivoire	CI	9.3872	-5.5567
HGR	Hagerstown	Maryland	US	39.7088	-77.728
HGU	Mount Hagen	Papua New Guinea	PG	-5.8282	144.299
HHH	Hilton Head Island	South Carolina	US	32.2244	-80.6975
HHN	Frankfurt am Main	Germany	DE	49.9464	7.2617
HHP	Central and Western	Hong Kong	HK	22.2889	114.152
HHQ	Hua Hin	Thailand	TH	12.6362	99.9515
HHR	Hawthorne	California	US	33.9228	-118.335
HHZ	Hikueru	French Polynesia	PF	-17.5483	-142.612
HIA	Huai'an	China	CN	33.7927	119.127
HIB	Hibbing	Minnesota	US	47.3848	-92.8369
HID	Horn	Australia	AU	-10.5856	142.293
HII	Lake Havasu City	Arizona	US	34.5705	-114.358
HIJ	Hiroshima	Japan	JP	34.4361	132.919
HIL	Shilavo	Ethiopia	ET	6.0775	44.7637
HIN	Sacheon	South Korea	KR	35.0886	128.072
HIR	Honiara	Solomon Islands	SB	-9.428	160.055
HIS	Hayman Island	Australia	AU	-20.06	148.881
HJB	Hejing	China	CN	42.9764	83.9955
HJJ	Huaihua	China	CN	27.4431	109.705
HJR	Khajuraho	India	IN	24.8172	79.9186
HKD	Hakodate	Japan	JP	41.77	140.822
HKG	Hong Kong	Hong Kong	HK	22.3118	113.915
HKK	Hokitika Airfield	New Zealand	NZ	-42.7136	170.985
HKN	Kimbe	Papua New Guinea	PG	-5.4638	150.407
HKT	Phuket	Thailand	TH	8.1133	98.3174
HLA	Johannesburg	South Africa	ZA	-25.939	27.9266
HLD	Hailar	China	CN	49.2086	119.822
HLE	Jamestown	Saint Helena, Ascension and Tristan da Cunha	SH	-15.9589	-5.6461
HLH	Ulanhot	China	CN	46.1953	122.008
HLN	Helena	Montana	US	46.6068	-111.983
HLP	Jakarta	Indonesia	ID	-6.267	106.89
HLZ	Hamilton	New Zealand	NZ	-37.867	175.332
HMA	Khanty-Mansiysk	Russia	RU	61.0285	69.0861
HMB	Suhaj	Egypt	EG	26.3425	31.743
HME	Hassi Messaoud	Algeria	DZ	31.673	6.1404
HMI	Hami	China	CN	42.8414	93.6692
HMO	Hermosillo	Mexico	MX	29.0928	-111.053
HMS	Muara Teweh	Indonesia	ID	-1.0258	114.929
HMV	Hemavan	Sweden	SE	65.8061	15.0828
HNA	Hanamaki	Japan	JP	39.4286	141.135
HND	Tokyo	Japan	JP	35.5497	139.787
HNH	Hoonah	Alaska	US	58.0961	-135.41
HNL	Honolulu, Oahu	Hawaii	US	21.3184	-157.926
HNM	Hana	Hawaii	US	20.7956	-156.014
HNS	Haines	Alaska	US	59.2439	-135.524
HNY	Hengyang	China	CN	26.7221	112.618
HOB	Hobbs	New Mexico	US	32.6875	-103.217
HOF	Hofuf	Saudi Arabia	SA	25.2853	49.4852
HOG	Holguin	Cuba	CU	20.7851	-76.3155
HOI	Otepa	French Polynesia	PF	-18.0748	-140.946
HOK	Lajamanu	Australia	AU	-18.3367	130.638
HOM	Homer	Alaska	US	59.6445	-151.479
HOR	Horta	Portugal	PT	38.5199	-28.7159
HOT	Hot Springs	Arkansas	US	34.4788	-93.0963
HOU	Houston	Texas	US	29.6453	-95.2768
HOV	Ørsta	Norway	NO	62.18	6.0741
HPA	Lifuka	Tonga	TO	-19.777	-174.341
HPB	Hooper Bay	Alaska	US	61.5239	-166.147
HPG	Shennongjia	China	CN	31.626	110.34
HPH	Haiphong	Vietnam	VN	20.8174	106.724
HPN	White Plains	New York	US	41.067	-73.7076
HQL	Tashikuergan	China	CN	37.6613	75.2889
HQQ	Anyang	China	CN	35.8708	114.462
HRB	Harbin	China	CN	45.6234	126.25
HRE	Harare	Zimbabwe	ZW	-17.9318	31.0928
HRF	Hoarafushi Airport	Maldives	MV	6.9697	72.8963
HRG	Hurghada	Egypt	EG	27.1768	33.7967
HRI	Mattala	Sri Lanka	LK	6.2839	81.1242
HRL	Harlingen	Texas	US	26.2285	-97.6544
HRO	Harrison	Arkansas	US	36.2615	-93.1547
HSA	Turkıstan	Kazakhstan	KZ	43.3111	68.5504
HSC	Shaoguan	China	CN	24.9786	113.421
HSG	Saga	Japan	JP	33.1497	130.302
HSL	Huslia	Alaska	US	65.6979	-156.351
HSN	Zhoushan	China	CN	29.9339	122.362
HSR	Rajkot	India	IN	22.3788	71.0394
HSS	Hisar	India	IN	29.1861	75.7414
HSV	Huntsville	Alabama	US	34.6362	-86.7744
HTA	Chita	Russia	RU	52.0248	113.306
HTG	Khatanga	Russia	RU	71.9781	102.491
HTI	Hamilton Island	Australia	AU	-20.3581	148.952
HTN	Hotan	China	CN	37.0385	79.8649
HTS	Huntington	West Virginia	US	38.3667	-82.558
HTT	Mengnai	China	CN	38.2016	90.8378
HTY	Antakya	Turkey	TR	36.3608	36.2856
HUE	Akwi	Ethiopia	ET	13.8301	36.8824
HUG	Huehuetenango	Guatemala	GT	15.3167	-91.5056
HUH	Fare	French Polynesia	PF	-16.6871	-151.022
HUI	Huế	Vietnam	VN	16.4006	107.703
HUN	Hualien City	Taiwan	TW	24.0232	121.618
HUO	Holingol	China	CN	45.4872	119.407
HUS	Hughes	Alaska	US	66.0411	-154.263
HUU	Huánuco	Peru	PE	-9.8788	-76.2048
HUX	Huatulco	Mexico	MX	15.7754	-96.2605
HUY	Grimsby, Lincolnshire	United Kingdom	GB	53.5762	-0.3495
HUZ	Huizhou	China	CN	23.05	114.6
HVB	Hervey Bay	Australia	AU	-25.3201	152.881
HVD	Khovd	Mongolia	MN	47.9541	91.6282
HVG	Honningsvåg	Norway	NO	71.0097	25.9836
HVN	New Haven	Connecticut	US	41.2629	-72.8877
HVR	Havre	Montana	US	48.5414	-109.763
HWR	Halwara	India	IN	30.7485	75.6298
HXD	Delingha	China	CN	37.1253	97.2687
HYA	Hyannis	Massachusetts	US	41.6693	-70.2804
HYD	Hyderabad	India	IN	17.2313	78.4299
HYG	Hydaburg	Alaska	US	55.2052	-132.83
HYL	Hollis	Alaska	US	55.4815	-132.646
HYN	Taizhou	China	CN	28.5622	121.429
HYS	Hays	Kansas	US	38.8445	-99.2731
HZA	Heze	China	CN	35.213	115.737
HZG	Hanzhong	China	CN	33.1335	107.204
HZH	Liping	China	CN	26.3222	109.15
IAA	Igarka	Russia	RU	67.4372	86.6219
IAD	Dulles	Virginia	US	38.9445	-77.4558
IAG	Niagara Falls	New York	US	43.1073	-78.9462
IAH	Houston	Texas	US	29.9844	-95.3414
IAM	In Aménas	Algeria	DZ	28.0515	9.6429
IAN	Kiana	Alaska	US	66.9761	-160.439
IAO	Del Carmen	Philippines	PH	9.8591	126.014
IAR	Tunoshna	Russia	RU	57.5607	40.1574
IAS	Iaşi	Romania	RO	47.1796	27.6214
IBA	Ibadan	Nigeria	NG	7.3625	3.9783
IBB	Puerto Villamil	Ecuador	EC	-0.9426	-90.953
IBE	Ibagué	Colombia	CO	4.4216	-75.1333
IBR	Omitama	Japan	JP	36.1815	140.414
IBZ	Ibiza	Spain	ES	38.8729	1.3731
ICC	Isla de Coche	Venezuela	VE	10.7944	-63.9816
ICI	Cicia	Fiji	FJ	-17.7433	-179.342
ICN	Seoul	South Korea	KR	37.4691	126.451
ICT	Wichita	Kansas	US	37.6503	-97.4286
IDA	Idaho Falls	Idaho	US	43.5146	-112.071
IDR	Indore	India	IN	22.7214	75.8005
IEG	Nowe Kramsko	Poland	PL	52.1385	15.7986
IFJ	Ísafjörður	Iceland	IS	66.0581	-23.1353
IFN	Isfahan	Iran	IR	32.7551	51.8839
IGA	Matthew Town	Bahamas	BS	20.975	-73.6669
IGD	Iğdır	Turkey	TR	39.9766	43.8766
IGG	Igiugig	Alaska	US	59.324	-155.902
IGR	Puerto Iguazu	Argentina	AR	-25.7373	-54.4734
IGT	Sunzha	Russia	RU	43.3233	45.0126
IGU	Foz do Iguaçu	Brazil	BR	-25.5942	-54.4894
IIA	Inis Meáin	Ireland	IE	53.093	-9.5681
IJK	Izhevsk	Russia	RU	56.8345	53.4622
IKA	Tehran	Iran	IR	35.4161	51.1522
IKE	Ikerasak	Greenland	GL	70.4981	-51.3031
IKG	Karakol	Kyrgyzstan	KG	42.5081	78.4078
IKI	Iki	Japan	JP	33.749	129.785
IKO	Nikolski	Alaska	US	52.9416	-168.85
IKS	Tiksi	Russia	RU	71.6977	128.903
IKT	Irkutsk	Russia	RU	52.2667	104.396
IKU	Tamchy	Kyrgyzstan	KG	42.5856	76.7012
ILD	Lleida	Spain	ES	41.7282	0.535
ILF	Ilford	Canada	CA	56.0516	-95.6188
ILG	Wilmington	Delaware	US	39.6787	-75.6065
ILI	Iliamna	Alaska	US	59.7544	-154.911
ILM	Wilmington	North Carolina	US	34.2723	-77.9051
ILO	Cabatuan	Philippines	PH	10.833	122.493
ILP	Île des Pins	New Caledonia	NC	-22.5889	167.456
ILQ	Ilo	Peru	PE	-17.695	-71.344
ILR	Ilorin/Ogbomosho	Nigeria	NG	8.4402	4.4939
ILS	San Salvador	El Salvador	SV	13.6995	-89.1199
ILY	Isle of Islay, Argyll and Bute	United Kingdom	GB	55.6827	-6.2575
IMF	Imphal	India	IN	24.76	93.8967
IMK	Simikot	Nepal	NP	29.9711	81.8189
IMP	Imperatriz	Brazil	BR	-5.5313	-47.46
IMT	Kingsford	Michigan	US	45.8191	-88.1146
INB	Independence	Belize	BZ	16.5346	-88.4416
INC	Yinchuan	China	CN	38.3228	106.393
IND	Indianapolis	Indiana	US	39.7173	-86.2944
INH	Inhambane	Mozambique	MZ	-23.8764	35.4085
INI	Niš	Serbia	RS	43.3365	21.8562
INL	International Falls	Minnesota	US	48.5662	-93.4031
INN	Innsbruck	Austria	AT	47.2602	11.344
INO	Inongo	Democratic Republic of the Congo	CD	-1.9472	18.2858
INQ	Inis Oírr	Ireland	IE	53.0647	-9.5109
INU	Yaren	Nauru	NR	-0.5479	166.919
INV	Inverness	United Kingdom	GB	57.5425	-4.0475
INZ	In Salah	Algeria	DZ	27.251	2.512
IOA	Ioannina	Greece	GR	39.6964	20.8225
IOM	Castletown	Isle of Man	IM	54.0831	-4.6239
IOQ	Isortoq	Greenland	GL	65.5478	-38.9766
IOR	Inis Mór	Ireland	IE	53.1067	-9.6536
IOS	Ilhéus	Brazil	BR	-14.8159	-39.0335
IOT	Illorsuit	Greenland	GL	71.2419	-53.5629
IPC	Isla De Pascua	Chile	CL	-27.1654	-109.421
IPH	Ipoh	Malaysia	MY	4.5673	101.092
IPI	Ipiales	Colombia	CO	0.8619	-77.6718
IPL	Imperial	California	US	32.8354	-115.574
IPN	Ipatinga	Brazil	BR	-19.4707	-42.4876
IPT	Williamsport	Pennsylvania	US	41.2421	-76.9224
IQM	Qiemo	China	CN	38.2345	85.4655
IQN	Qingyang	China	CN	35.8026	107.599
IQQ	Iquique	Chile	CL	-20.5363	-70.1814
IQT	Iquitos	Peru	PE	-3.7847	-73.3088
IRA	Kirakira	Solomon Islands	SB	-10.4497	161.898
IRC	Circle	Alaska	US	65.8277	-144.076
IRG	Lockhart River	Australia	AU	-12.7869	143.305
IRJ	La Rioja	Argentina	AR	-29.3816	-66.7958
IRK	Kirksville	Missouri	US	40.0935	-92.5449
IRP	Isiro	Democratic Republic of the Congo	CD	2.8276	27.5883
IRZ	Santa Isabel do Rio Negro	Brazil	BR	-0.3786	-64.9926
ISA	Mount Isa	Australia	AU	-20.6664	139.488
ISB	Attock	Pakistan	PK	33.549	72.8257
ISC	St. Mary's, Isles of Scilly	United Kingdom	GB	49.9134	-6.2919
ISE	Isparta	Turkey	TR	37.8554	30.3684
ISG	Ishigaki	Japan	JP	24.3964	124.245
ISK	Nashik	India	IN	20.1191	73.9129
ISP	Islip	New York	US	40.7963	-73.1017
IST	Istanbul	Turkey	TR	41.2749	28.7321
ISU	Sulaymaniyah	Iraq	IQ	35.5605	45.3151
ITB	Itaituba	Brazil	BR	-4.2421	-56.0007
ITH	Ithaca	New York	US	42.491	-76.4584
ITM	Osaka	Japan	JP	34.7809	135.441
ITO	Hilo	Hawaii	US	19.7214	-155.045
ITU	Kurilsk	Russia	RU	45.2564	147.956
IUE	Alofi	Niue	NU	-19.0801	-169.923
IUI	Innarsuit	Greenland	GL	73.1999	-56.0108
IVC	Invercargill	New Zealand	NZ	-46.4124	168.313
IVL	Ivalo	Finland	FI	68.6073	27.4053
IWA	Ivanovo	Russia	RU	56.9394	40.9408
IWD	Ironwood	Michigan	US	46.5253	-90.1316
IWJ	Masuda	Japan	JP	34.6764	131.79
IWK	Iwakuni	Japan	JP	34.1463	132.247
IXA	Agartala	India	IN	23.887	91.2404
IXB	Siliguri	India	IN	26.6812	88.3286
IXC	Chandigarh	India	IN	30.6735	76.7885
IXD	Allahabad	India	IN	25.4401	81.7339
IXE	Mangaluru	India	IN	12.9547	74.8868
IXG	Belgaum	India	IN	15.8593	74.6183
IXI	Lilabari	India	IN	27.2957	94.0973
IXJ	Jammu	India	IN	32.6888	74.8382
IXK	Keshod	India	IN	21.3171	70.2704
IXL	Leh	India	IN	34.1359	77.5465
IXM	Madurai	India	IN	9.8345	78.0934
IXP	Pathankot	India	IN	32.2336	75.6344
IXR	Ranchi	India	IN	23.3143	85.3217
IXS	Silchar	India	IN	24.9129	92.9787
IXU	Aurangabad	India	IN	19.8629	75.3963
IXY	Kandla	India	IN	23.1127	70.1003
IXZ	Port Blair	India	IN	11.6402	92.729
IZA	Juiz de Fora	Brazil	BR	-21.5131	-43.1731
IZO	Izumo	Japan	JP	35.4136	132.89
IZT	Ixtepec	Mexico	MX	16.446	-95.0937
JAC	Jackson	Wyoming	US	43.6073	-110.738
JAE	Jaén	Peru	PE	-5.5925	-78.774
JAF	Jaffna	Sri Lanka	LK	9.7923	80.0701
JAI	Jaipur	India	IN	26.8242	75.8122
JAN	Jackson	Mississippi	US	32.3112	-90.0759
JAU	Jauja	Peru	PE	-11.7831	-75.4734
JAV	Ilulissat	Greenland	GL	69.2432	-51.0571
JAX	Jacksonville	Florida	US	30.4925	-81.6878
JBB	Jember	Indonesia	ID	-8.2425	113.694
JBK	Qitai	China	CN	44.1661	89.5501
JBQ	La Isabela	Dominican Republic	DO	18.5725	-69.9856
JBR	Jonesboro	Arkansas	US	35.8317	-90.6464
JCH	Qasigiannguit	Greenland	GL	68.8228	-51.1734
JCK	Julia Creek Airport	Australia	AU	-20.6683	141.723
JCL	České Budějovice	Czech Republic	CZ	48.9482	14.4283
JCU	Ceuta	Spain	ES	35.8927	-5.3063
JDF	Juiz de Fora	Brazil	BR	-21.7915	-43.3861
JDH	Jodhpur	India	IN	26.2511	73.0489
JDO	Juazeiro do Norte	Brazil	BR	-7.2193	-39.2691
JDZ	Jingdezhen	China	CN	29.3386	117.176
JED	Jeddah	Saudi Arabia	SA	21.6802	39.1574
JEE	Carrefour Sanon	Haiti	HT	18.6631	-74.1703
JEG	Aasiaat	Greenland	GL	68.7218	-52.7847
JEJ	Ailinglapalap Atoll	Marshall Islands	MH	7.5654	168.962
JER	St. Peter	Jersey	JE	49.2079	-2.1955
JFK	New York	New York	US	40.6394	-73.7793
JFR	Paamiut	Greenland	GL	62.0147	-49.6709
JGA	Jamnagar	India	IN	22.4655	70.0126
JGB	Jagdalpur	India	IN	19.0743	82.0368
JGD	Jiagedaqi	China	CN	50.3714	124.118
JGN	Jiayuguan	China	CN	39.8591	98.3393
JGO	Qeqertarsuaq	Greenland	GL	69.2512	-53.5149
JGR	Kangilinnguit	Greenland	GL	61.229	-48.097
JGS	Ji'an	China	CN	26.8569	114.737
JHB	Johor Bahru	Malaysia	MY	1.6413	103.67
JHG	Jinghong	China	CN	21.9746	100.762
JHM	Lahaina	Hawaii	US	20.9629	-156.673
JHS	Sisimiut	Greenland	GL	66.9513	-53.7293
JIB	Djibouti City	Djibouti	DJ	11.5473	43.1595
JIC	Jinchang	China	CN	38.5422	102.348
JIJ	Jijiga	Ethiopia	ET	9.3319	42.9118
JIK	Ikaria Island	Greece	GR	37.6827	26.3471
JIM	Jimma	Ethiopia	ET	7.6661	36.8166
JIO	Tiakur	Indonesia	ID	-8.1407	127.91
JIQ	Qianjiang	China	CN	29.5133	108.831
JIU	Jiujiang	China	CN	29.4769	115.801
JJD	Cruz	Brazil	BR	-2.9064	-40.3573
JJG	Jaguaruna	Brazil	BR	-28.6753	-49.0596
JJM	Meru-Kinna	Kenya	KE	0.1651	38.1951
JJN	Quanzhou	China	CN	24.7959	118.589
JJU	Qaqortoq	Greenland	GL	60.7638	-46.065
JKG	Jönköping	Sweden	SE	57.7576	14.0687
JKH	Chios Island	Greece	GR	38.3432	26.1406
JKL	Kalymnos Island	Greece	GR	36.9633	26.9406
JKR	Janakpur	Nepal	NP	26.7088	85.9224
JLG	Jalgaon	India	IN	20.9627	75.6275
JLN	Joplin	Missouri	US	37.1518	-94.4983
JLR	Jabalpur	India	IN	23.1778	80.052
JMJ	Pu'er	China	CN	22.4177	99.784
JMK	Mykonos	Greece	GR	37.4351	25.3481
JMO	Jomsom	Nepal	NP	28.7804	83.723
JMS	Jamestown	North Dakota	US	46.9297	-98.6782
JMU	Jiamusi	China	CN	46.8428	130.464
JNB	Johannesburg	South Africa	ZA	-26.1401	28.2468
JNG	Jining	China	CN	35.6474	116.743
JNH	Xiuzhou, Hangzhou	China	CN	30.6981	120.663
JNN	Nanortalik	Greenland	GL	60.1419	-45.233
JNS	Narsaq	Greenland	GL	60.9173	-46.0599
JNU	Juneau	Alaska	US	58.3549	-134.574
JNX	Naxos	Greece	GR	37.0811	25.3681
JNZ	Jinzhou	China	CN	40.936	121.277
JOE	Joensuu	Finland	FI	62.6588	29.6194
JOG	Yogyakarta	Indonesia	ID	-7.7882	110.432
JOI	Joinville	Brazil	BR	-26.2245	-48.7974
JOL	Jolo	Philippines	PH	6.0537	121.011
JOS	Jos	Nigeria	NG	9.6398	8.8691
JPA	João Pessoa	Brazil	BR	-7.1487	-34.9506
JPE	Paragominas	Brazil	BR	-3.0198	-47.3165
JPR	Ji-Paraná	Brazil	BR	-10.8707	-61.8467
JQA	Uummannaq	Greenland	GL	70.7342	-52.6962
JRA	New York	New York	US	40.7551	-74.0069
JRG	Jharsuguda Airport	India	IN	21.9135	84.0504
JRH	Jorhat	India	IN	26.7305	94.1754
JRO	Arusha	Tanzania	TZ	-3.427	37.0735
JSA	Jaisalmer Airport	India	IN	26.8887	70.865
JSH	Crete Island	Greece	GR	35.2161	26.1013
JSI	Skiathos	Greece	GR	39.1771	23.5037
JSJ	Jiansanjiang	China	CN	47.1082	132.658
JSK	Bandar-e-Jask	Iran	IR	25.6548	57.8017
JSR	Jashore	Bangladesh	BD	23.1838	89.1608
JST	Johnstown	Pennsylvania	US	40.3161	-78.8339
JSU	Maniitsoq	Greenland	GL	65.4125	-52.9394
JSY	Syros Island	Greece	GR	37.4228	24.9509
JTC	Bauru	Brazil	BR	-22.1608	-49.0703
JTR	Santorini Island	Greece	GR	36.4	25.4786
JTY	Astypalaia Island	Greece	GR	36.5799	26.3758
JUB	Juba	South Sudan	SS	4.872	31.6011
JUH	Chizhou	China	CN	30.7403	117.686
JUI	Juist	Germany	DE	53.6814	7.0564
JUJ	San Salvador de Jujuy	Argentina	AR	-24.3928	-65.0978
JUK	Ukkusissat	Greenland	GL	71.0494	-51.89
JUL	Juliaca	Peru	PE	-15.4677	-70.1565
JUM	Jumla	Nepal	NP	29.2742	82.1933
JUU	Nuugaatsiaq	Greenland	GL	71.5388	-53.205
JUV	Upernavik	Greenland	GL	72.7902	-56.1306
JUZ	Quzhou	China	CN	28.9661	118.899
JXA	Jixi	China	CN	45.293	131.193
JYV	Jyväskylän Maalaiskunta	Finland	FI	62.3995	25.6783
JZH	Ngawa	China	CN	32.8533	103.682
KAA	Kasama	Zambia	ZM	-10.2102	31.123
KAB	Kariba	Zimbabwe	ZW	-16.5198	28.885
KAC	Qamishli	Syria	SY	37.0206	41.1914
KAD	Kaduna	Nigeria	NG	10.696	7.3201
KAE	Kake	Alaska	US	56.973	-133.946
KAI	Kaieteur Falls	Guyana	GY	5.1773	-59.489
KAJ	Kajaani	Finland	FI	64.2855	27.6924
KAL	Kaltag	Alaska	US	64.3186	-158.742
KAN	Kano	Nigeria	NG	12.0456	8.5236
KAO	Kuusamo	Finland	FI	65.9876	29.2394
KAT	Awanui	New Zealand	NZ	-35.0698	173.287
KAW	Kawthoung	Myanmar	MM	10.0493	98.538
KAX	Kalbarri	Australia	AU	-27.6928	114.259
KBC	Birch Creek	Alaska	US	66.274	-145.824
KBL	Kabul	Afghanistan	AF	34.5659	69.2123
KBR	Kota Baharu	Malaysia	MY	6.1669	102.293
KBU	Stagen	Indonesia	ID	-3.2948	116.164
KBV	Krabi	Thailand	TH	8.0956	98.989
KCA	Kuqa	China	CN	41.6779	82.8729
KCC	Coffman Cove	Alaska	US	56.0126	-132.835
KCG	Chignik	Alaska	US	56.3115	-158.373
KCH	Kuching	Malaysia	MY	1.4874	110.353
KCM	Kahramanmaraş	Turkey	TR	37.5388	36.9535
KCQ	Chignik Lake	Alaska	US	56.255	-158.775
KCT	Galle	Sri Lanka	LK	5.9937	80.3203
KCY	Krasnoyarsk	Russia	RU	56.1776	92.5459
KCZ	Nankoku	Japan	JP	33.5452	133.67
KDD	Khuzdar	Pakistan	PK	27.7906	66.6473
KDH	Kandahar	Afghanistan	AF	31.5058	65.848
KDI	Kendari	Indonesia	ID	-4.0816	122.418
KDL	Kärdla	Estonia	EE	58.9908	22.8307
KDM	Huvadhu Atoll	Maldives	MV	0.4881	72.9969
KDO	Kadhdhoo	Maldives	MV	1.8592	73.5219
KDU	Skardu	Pakistan	PK	35.3387	75.5386
KDV	Vunisea	Fiji	FJ	-19.0581	178.157
KDZ	Kandy	Sri Lanka	LK	7.3251	80.6422
KEB	Nanwalek	Alaska	US	59.3521	-151.925
KEF	Reykjavík	Iceland	IS	63.985	-22.6056
KEH	Kenmore	Washington	US	47.7548	-122.259
KEJ	Kemerovo	Russia	RU	55.2701	86.1072
KEM	Kemi / Tornio	Finland	FI	65.7787	24.5821
KEP	Nepalgunj	Nepal	NP	28.1036	81.667
KER	Kerman	Iran	IR	30.2713	56.9497
KET	Kengtung	Myanmar	MM	21.3016	99.636
KEW	Keewaywin	Canada	CA	52.9911	-92.8364
KFG	Kalkgurung Airport	Australia	AU	-17.4319	130.808
KFP	False Pass	Alaska	US	54.8475	-163.407
KFS	Kastamonu	Turkey	TR	41.3142	33.7958
KGA	Kananga	Democratic Republic of the Congo	CD	-5.9001	22.4692
KGC	Kingscote Airport	Australia	AU	-35.7139	137.521
KGD	Kaliningrad	Russia	RU	54.8916	20.5986
KGE	Kagau Island	Solomon Islands	SB	-7.3305	157.585
KGF	Karaganda	Kazakhstan	KZ	49.6708	73.3344
KGI	Broadwood	Australia	AU	-30.7915	121.465
KGK	Koliganek	Alaska	US	59.7266	-157.259
KGL	Kigali	Rwanda	RW	-1.9686	30.1395
KGP	Kogalym	Russia	RU	62.1904	74.5338
KGQ	Kangersuatsiaq	Greenland	GL	72.3811	-55.5366
KGS	Kos Island	Greece	GR	36.7945	27.0911
KGT	Garzê	China	CN	30.1425	101.739
KGX	Grayling	Alaska	US	62.8952	-160.066
KHD	Khoram Abad Airport	Iran	IR	33.4354	48.2829
KHG	Kashgar	China	CN	39.5423	76.0202
KHH	Kaohsiung	Taiwan	TW	22.5771	120.35
KHI	Karachi	Pakistan	PK	24.9065	67.1608
KHK	Khark	Iran	IR	29.2605	50.3222
KHM	Kanti	Myanmar	MM	25.9883	95.6744
KHN	Nanchang	China	CN	28.8648	115.903
KHS	Khasab	Oman	OM	26.171	56.2406
KHT	Khost	Afghanistan	AF	33.2846	69.8073
KHV	Khabarovsk	Russia	RU	48.5283	135.189
KHX	Kihihi	Uganda	UG	-0.7165	29.6997
KHZ	Kauehi	French Polynesia	PF	-15.7806	-145.128
KIE	Kieta	Papua New Guinea	PG	-6.3057	155.728
KIF	Kingfisher Lake	Canada	CA	53.0125	-89.8553
KIH	Kish Island	Iran	IR	26.5254	53.9805
KIJ	Niigata	Japan	JP	37.9542	139.112
KIK	Kirkuk	Iraq	IQ	35.4695	44.3489
KIM	Kimberley	South Africa	ZA	-28.8054	24.7649
KIN	Kingston	Jamaica	JM	17.9357	-76.7875
KIO	Kili Island	Marshall Islands	MH	5.6439	169.125
KIR	Farranfore	Ireland	IE	52.1809	-9.5238
KIS	Kisumu	Kenya	KE	-0.0861	34.7289
KIT	Kithira Island	Greece	GR	36.274	23.0167
KIX	Osaka	Japan	JP	34.4273	135.244
KJA	Krasnoyarsk	Russia	RU	56.1757	92.4858
KJB	Orvakal	India	IN	15.7163	78.1692
KJH	Kaili	China	CN	26.972	107.988
KJI	Burqin	China	CN	48.2223	86.9959
KJT	Kertajati	Indonesia	ID	-6.6474	108.166
KKA	Koyuk	Alaska	US	64.9395	-161.154
KKB	Kitoi Bay	Alaska	US	58.1909	-152.37
KKC	Khon Kaen	Thailand	TH	16.4666	102.784
KKE	Kerikeri	New Zealand	NZ	-35.2591	173.913
KKH	Kongiganak	Alaska	US	59.9608	-162.881
KKI	Akiachak	Alaska	US	60.9138	-161.493
KKJ	Kitakyushu	Japan	JP	33.8459	131.035
KKN	Kirkenes	Norway	NO	69.7258	29.8913
KKR	Raitahiti	French Polynesia	PF	-15.6633	-146.885
KKS	Kashan	Iran	IR	33.8953	51.577
KKW	Kikwit	Democratic Republic of the Congo	CD	-5.0358	18.7856
KKX	Kikai	Japan	JP	28.3213	129.928
KLG	Kalskag	Alaska	US	61.5363	-160.341
KLH	Kolhapur	India	IN	16.6647	74.2894
KLN	Larsen Bay	Alaska	US	57.5352	-153.976
KLO	Kalibo	Philippines	PH	11.6794	122.376
KLP	Seruyan	Indonesia	ID	-3.3761	112.537
KLR	Kalmar	Sweden	SE	56.6855	16.2876
KLU	Klagenfurt am Wörthersee	Austria	AT	46.6425	14.3377
KLV	Karlovy Vary	Czech Republic	CZ	50.203	12.915
KLW	Klawock	Alaska	US	55.5792	-133.076
KLX	Kalamata	Greece	GR	37.0683	22.0255
KMA	Kerema	Papua New Guinea	PG	-7.9636	145.771
KMC	King Khaled Military City	Saudi Arabia	SA	27.9009	45.5282
KME	Kamembe	Rwanda	RW	-2.4622	28.9079
KMG	Kunming	China	CN	25.1103	102.937
KMI	Miyazaki	Japan	JP	31.8772	131.449
KMJ	Kumamoto	Japan	JP	32.8373	130.855
KMN	Kamina	Democratic Republic of the Congo	CD	-8.7289	24.9914
KMO	Manokotak	Alaska	US	58.9321	-158.902
KMQ	Kanazawa	Japan	JP	36.3934	136.407
KMS	Kumasi	Ghana	GH	6.7146	-1.5908
KMW	Kostroma	Russia	RU	57.7969	41.0194
KMY	Moser Bay	Alaska	US	57.0256	-154.146
KND	Kindu	Democratic Republic of the Congo	CD	-2.9192	25.9154
KNG	Kaimana	Indonesia	ID	-3.6446	133.695
KNH	Shang-I	Taiwan	TW	24.4279	118.359
KNK	Kokhanok	Alaska	US	59.4332	-154.802
KNO	Beringin	Indonesia	ID	3.6378	98.8706
KNQ	Koné	New Caledonia	NC	-21.0536	164.839
KNS	King Island Airport	Australia	AU	-39.8775	143.878
KNU	Kanpur	India	IN	26.4043	80.4101
KNW	New Stuyahok	Alaska	US	59.4518	-157.374
KNX	Kununurra	Australia	AU	-15.7781	128.708
KOA	Kailua-Kona	Hawaii	US	19.7388	-156.046
KOC	Koumac	New Caledonia	NC	-20.5463	164.256
KOE	Kupang	Indonesia	ID	-10.1716	123.671
KOI	Kirkwall, Orkney Islands	United Kingdom	GB	58.9579	-2.9051
KOJ	Kagoshima	Japan	JP	31.8034	130.719
KOK	Kokkola / Kruunupyy	Finland	FI	63.7212	23.1431
KOP	Nakhon Phanom	Thailand	TH	17.3838	104.643
KOS	Preah Sihanouk	Cambodia	KH	10.5706	103.632
KOT	Kotlik	Alaska	US	63.0306	-163.533
KOV	Kokshetau	Kazakhstan	KZ	53.3291	69.5946
KOW	Ganzhou	China	CN	25.8533	114.779
KOY	Olga Bay	Alaska	US	57.1615	-154.23
KOZ	Ouzinkie	Alaska	US	57.9421	-152.464
KPB	Point Baker	Alaska	US	56.3519	-133.623
KPN	Kipnuk	Alaska	US	59.9318	-164.028
KPO	Pohang	South Korea	KR	35.988	129.42
KPR	Port Williams	Alaska	US	58.4901	-152.582
KPV	Perryville	Alaska	US	55.9065	-159.161
KPW	Keperveem	Russia	RU	67.845	166.14
KPY	Port Bailey	Alaska	US	57.9313	-153.041
KQA	Akutan	Alaska	US	54.1446	-165.604
KQH	Ajmer	India	IN	26.591	74.813
KQR	Karara	Australia	AU	-29.2172	116.687
KQT	Bokhtar	Tajikistan	TJ	37.8663	68.8645
KRB	Karumba Airport	Australia	AU	-17.4567	140.83
KRC	Sungai Penuh	Indonesia	ID	-2.094	101.47
KRE	Kirundo	Burundi	BI	-2.5448	30.0946
KRF	Nyland	Sweden	SE	63.0486	17.7689
KRI	Kikori	Papua New Guinea	PG	-7.4244	144.25
KRK	Balice	Poland	PL	50.0777	19.7848
KRL	Korla	China	CN	41.615	86.1408
KRN	Kiruna	Sweden	SE	67.822	20.3368
KRO	Kurgan	Russia	RU	55.4753	65.4156
KRP	Karup	Denmark	DK	56.2971	9.1043
KRR	Krasnodar	Russia	RU	45.0345	39.1742
KRS	Kristiansand	Norway	NO	58.2042	8.0854
KRT	Khartoum	Sudan	SD	15.5895	32.5532
KRW	Turkmenbaşy	Turkmenistan	TM	40.0628	53.0051
KRY	Karamay	China	CN	45.4665	84.9527
KSA	Okat	Micronesia	FM	5.357	162.958
KSC	Košice	Slovakia	SK	48.6631	21.2411
KSD	Karlstad	Sweden	SE	59.4447	13.3374
KSF	Calden	Germany	DE	51.4184	9.3916
KSH	Kermanshah	Iran	IR	34.3459	47.1581
KSJ	Kasos Island	Greece	GR	35.4214	26.91
KSL	Kassala	Sudan	SD	15.3875	36.3288
KSM	St Mary's	Alaska	US	62.0605	-163.302
KSN	Kostanay	Kazakhstan	KZ	53.2069	63.5503
KSO	Argos Orestiko	Greece	GR	40.4463	21.2822
KSQ	Karshi	Uzbekistan	UZ	38.8022	65.7731
KSR	Benteng	Indonesia	ID	-6.1792	120.438
KSU	Kvernberget	Norway	NO	63.1118	7.8245
KSY	Kars	Turkey	TR	40.5622	43.115
KSZ	Kotlas	Russia	RU	61.2358	46.6975
KTA	Karratha	Australia	AU	-20.7122	116.773
KTB	Thorne Bay	Alaska	US	55.6828	-132.533
KTD	Kitadaitōjima	Japan	JP	25.9447	131.327
KTG	Ketapang	Indonesia	ID	-1.8172	109.963
KTI	Phnom Penh	Cambodia	KH	11.36	104.921
KTM	Kathmandu	Nepal	NP	27.6966	85.3591
KTN	Ketchikan	Alaska	US	55.3556	-131.714
KTP	Tinson Pen	Jamaica	JM	17.9886	-76.8238
KTS	Brevig Mission	Alaska	US	65.3318	-166.468
KTT	Kittilä	Finland	FI	67.701	24.8468
KTW	Katowice	Poland	PL	50.476	19.0807
KUA	Kuantan	Malaysia	MY	3.7754	103.209
KUD	Kudat	Malaysia	MY	6.9241	116.837
KUF	Samara	Russia	RU	53.5049	50.1643
KUG	Kubin Island	Australia	AU	-10.2265	142.22
KUH	Kushiro	Japan	JP	43.041	144.193
KUK	Kasigluk	Alaska	US	60.8727	-162.525
KUL	Sepang	Malaysia	MY	2.7456	101.71
KUM	Yakushima	Japan	JP	30.3856	130.659
KUN	Kaunas	Lithuania	LT	54.964	24.0858
KUO	Kuopio / Siilinjärvi	Finland	FI	63.0071	27.7978
KUS	Kulusuk	Greenland	GL	65.5736	-37.1236
KUT	Kopitnari	Georgia	GE	42.1774	42.4854
KUU	Bhuntar	India	IN	31.8767	77.1544
KUV	Gunsan	South Korea	KR	35.9038	126.616
KUZ	Kuummiut	Greenland	GL	65.8639	-36.9979
KVA	Kavala	Greece	GR	40.9133	24.6192
KVC	King Cove	Alaska	US	55.1163	-162.266
KVG	Kavieng	Papua New Guinea	PG	-2.5794	150.808
KVK	Apatity	Russia	RU	67.4629	33.5853
KVL	Kivalina	Alaska	US	67.7346	-164.56
KVM	Markovo	Russia	RU	64.6654	170.418
KVO	Kraljevo	Serbia	RS	43.8175	20.5867
KVX	Kirov	Russia	RU	58.5039	49.3478
KWA	Kwajalein	Marshall Islands	MH	8.7201	167.732
KWB	Karimunjawa	Indonesia	ID	-5.8009	110.478
KWE	Guiyang	China	CN	26.5418	106.804
KWI	Kuwait City	Kuwait	KW	29.2245	47.9698
KWJ	Gwangju	South Korea	KR	35.1232	126.805
KWK	Kwigillingok	Alaska	US	59.8765	-163.169
KWL	Guilin	China	CN	25.2198	110.04
KWM	Kowanyama	Australia	AU	-15.4854	141.753
KWN	Quinhagak	Alaska	US	59.7551	-161.845
KWP	West Point	Alaska	US	57.7701	-153.549
KWT	Kwethluk	Alaska	US	60.7903	-161.444
KWZ	Kolwezi	Democratic Republic of the Congo	CD	-10.7659	25.5057
KXA	Kasaan	Alaska	US	55.5374	-132.398
KXB	Kolaka	Indonesia	ID	-4.3382	121.524
KXF	Koro Island	Fiji	FJ	-17.3458	179.422
KXK	Komsomolsk-on-Amur	Russia	RU	50.409	136.934
KXO	Kisoro	Uganda	UG	-1.2837	29.7197
KYA	Konya	Turkey	TR	37.979	32.5619
KYD	Orchid Island	Taiwan	TW	22.027	121.535
KYK	Karluk	Alaska	US	57.5659	-154.454
KYP	Kyaukpyu	Myanmar	MM	19.4264	93.5348
KYS	Kayes	Mali	ML	14.4825	-11.3993
KYU	Koyukuk	Alaska	US	64.8761	-157.727
KYZ	Kyzyl	Russia	RU	51.6694	94.4006
KZB	Zachar Bay	Alaska	US	57.553	-153.746
KZI	Kozani	Greece	GR	40.2861	21.8408
KZN	Kazan	Russia	RU	55.6062	49.2787
KZO	Kyzylorda	Kazakhstan	KZ	44.7069	65.5925
KZR	Altıntaş	Turkey	TR	39.1111	30.1304
KZS	Kastelorizo Island	Greece	GR	36.1417	29.5764
LAD	Luanda	Angola	AO	-8.8584	13.2312
LAE	Lae	Papua New Guinea	PG	-6.568	146.726
LAF	West Lafayette	Indiana	US	40.4129	-86.9394
LAJ	Lages	Brazil	BR	-27.7821	-50.2815
LAK	Aklavik	Canada	CA	68.2233	-135.006
LAL	Lakeland	Florida	US	27.9893	-82.0207
LAN	Lansing	Michigan	US	42.7776	-84.5857
LAO	Laoag City	Philippines	PH	18.1751	120.531
LAP	La Paz	Mexico	MX	24.0723	-110.363
LAQ	Al Albraq	Libya	LY	32.789	21.9549
LAR	Laramie	Wyoming	US	41.3121	-105.675
LAS	Las Vegas	Nevada	US	36.0834	-115.152
LAU	Lamu	Kenya	KE	-2.2524	40.9129
LAW	Lawton	Oklahoma	US	34.5677	-98.4166
LAX	Los Angeles	California	US	33.9425	-118.408
LBA	Leeds, West Yorkshire	United Kingdom	GB	53.8659	-1.6606
LBB	Lubbock	Texas	US	33.6636	-101.823
LBC	Lübeck	Germany	DE	53.8054	10.7192
LBD	Khujand	Tajikistan	TJ	40.2154	69.6947
LBE	Latrobe	Pennsylvania	US	40.2759	-79.4048
LBF	North Platte	Nebraska	US	41.1262	-100.684
LBH	Sydney	Australia	AU	-33.5871	151.323
LBJ	Labuan Bajo, Manggarai Barat	Indonesia	ID	-8.4807	119.888
LBL	Liberal	Kansas	US	37.0442	-100.96
LBP	Long Banga	Malaysia	MY	3.2021	115.402
LBR	Lábrea	Brazil	BR	-7.279	-64.7695
LBS	Labasa	Fiji	FJ	-16.4667	179.34
LBU	Labuan	Malaysia	MY	5.3017	115.248
LBV	Libreville	Gabon	GA	0.459	9.4121
LBW	Long Bawan	Indonesia	ID	3.9005	115.69
LCA	Larnaca	Cyprus	CY	34.8751	33.6249
LCE	La Ceiba	Honduras	HN	15.7425	-86.853
LCG	Culleredo	Spain	ES	43.3021	-8.3773
LCH	Lake Charles	Louisiana	US	30.1261	-93.2233
LCJ	Łódź	Poland	PL	51.7219	19.3981
LCK	Columbus	Ohio	US	39.8138	-82.9278
LCR	La Chorrera	Colombia	CO	-1.4564	-72.8011
LCX	Longyan	China	CN	25.6759	116.746
LCY	London	United Kingdom	GB	51.5053	0.0553
LDB	Londrina	Brazil	BR	-23.3344	-51.1284
LDE	Tarbes/Lourdes/Pyrénées	France	FR	43.1787	-0.0064
LDG	Leshukonskoye	Russia	RU	64.896	45.723
LDH	Lord Howe Island	Australia	AU	-31.5382	159.076
LDS	Yichun	China	CN	47.7521	129.019
LDU	Lahad Datu	Malaysia	MY	5.0324	118.324
LDX	Saint-Laurent-du-Maroni	French Guiana	GF	5.4819	-54.035
LDY	Derry, Derry and Strabane	United Kingdom	GB	55.0428	-7.1611
LEA	Exmouth	Australia	AU	-22.2352	114.09
LEB	Lebanon	New Hampshire	US	43.6261	-72.3042
LEC	Lençóis	Brazil	BR	-12.4823	-41.277
LED	St. Petersburg	Russia	RU	59.8003	30.2625
LEI	Almería	Spain	ES	36.8439	-2.3701
LEJ	Schkeuditz	Germany	DE	51.4207	12.2327
LEL	Lake Evella Airport	Australia	AU	-12.4989	135.806
LEN	La Virgen del Camino	Spain	ES	42.5907	-5.6534
LEQ	Land's End, Cornwall	United Kingdom	GB	50.1028	-5.6706
LER	Leinster Airport	Australia	AU	-27.8433	120.703
LET	Leticia	Colombia	CO	-4.1911	-69.942
LEU	La Seu d'Urgell Pyrenees and Andorra	Spain	ES	42.3386	1.4092
LEV	Bureta	Fiji	FJ	-17.7111	178.759
LEX	Lexington	Kentucky	US	38.0351	-84.6067
LFM	Lamerd	Iran	IR	27.3727	53.1888
LFQ	Linfen	China	CN	36.1326	111.641
LFT	Lafayette	Louisiana	US	30.2053	-91.9876
LFW	Lomé	Togo	TG	6.1656	1.2545
LGA	New York	New York	US	40.7772	-73.8726
LGB	Long Beach	California	US	33.8165	-118.15
LGG	Grâce-Hollogne	Belgium	BE	50.6386	5.4439
LGI	Deadman's Cay	Bahamas	BS	23.179	-75.0936
LGK	Langkawi	Malaysia	MY	6.3297	99.7287
LGL	Long Datih	Malaysia	MY	3.421	115.154
LGW	London	United Kingdom	GB	51.1487	-0.1857
LGZ	Shannan	China	CN	28.4224	92.3481
LHE	Lahore	Pakistan	PK	31.5216	74.4036
LHG	Lightning Ridge Airport	Australia	AU	-29.4529	147.977
LHL	Lachin	Azerbaijan	AZ	39.8838	46.3631
LHR	London	United Kingdom	GB	51.4707	-0.4599
LHS	Las Heras	Argentina	AR	-46.5385	-68.9653
LHW	Lanzhou	China	CN	36.5152	103.62
LIF	Lifou	New Caledonia	NC	-20.7746	167.239
LIG	Limoges/Bellegarde	France	FR	45.8628	1.1794
LIH	Lihue, Kauai	Hawaii	US	21.9744	-159.337
LIK	Likiep Island	Marshall Islands	MH	9.8232	169.308
LIL	Lesquin	France	FR	50.5666	3.1024
LIM	Lima	Peru	PE	-12.0219	-77.1143
LIN	Segrate	Italy	IT	45.4451	9.2767
LIO	Limón	Costa Rica	CR	9.958	-83.022
LIR	Liberia	Costa Rica	CR	10.5933	-85.5444
LIS	Lisbon	Portugal	PT	38.7813	-9.1359
LIT	Little Rock	Arkansas	US	34.7292	-92.2236
LIW	Loikaw	Myanmar	MM	19.6915	97.2148
LJG	Lijiang	China	CN	26.6775	100.245
LJU	Zgornji Brnik	Slovenia	SI	46.2237	14.4576
LKA	Tiwatobi	Indonesia	ID	-8.2744	123.002
LKB	Lakeba Island	Fiji	FJ	-18.1992	-178.817
LKE	Seattle	Washington	US	47.629	-122.339
LKI	Lubang	Indonesia	ID	2.4113	96.3277
LKL	Lakselv	Norway	NO	70.0688	24.9735
LKM	Lolak	Indonesia	ID	0.8885	124.034
LKN	Leknes	Norway	NO	68.1525	13.6094
LKO	Lucknow	India	IN	26.7606	80.8893
LLA	Luleå	Sweden	SE	65.5438	22.122
LLB	Qiannan	China	CN	25.4525	107.962
LLF	Yongzhou	China	CN	26.3387	111.61
LLK	Lankaran	Azerbaijan	AZ	38.7579	48.807
LLO	Palopo	Indonesia	ID	-3.0823	120.245
LLU	Alluitsup Paa	Greenland	GL	60.4644	-45.5692
LLV	Lüliang	China	CN	37.6833	111.143
LLW	Lumbadzi	Malawi	MW	-13.7894	33.781
LMA	Minchumina	Alaska	US	63.886	-152.302
LMC	La Macarena	Colombia	CO	2.1757	-73.7867
LMM	Los Mochis	Mexico	MX	25.6855	-109.081
LMN	Limbang	Malaysia	MY	4.8083	115.01
LMP	Lampedusa	Italy	IT	35.4979	12.6181
LMY	Lake Murray	Papua New Guinea	PG	-7.0099	141.494
LNB	Lamen Bay	Vanuatu	VU	-16.5842	168.159
LNE	Lonorore	Vanuatu	VU	-15.8656	168.172
LNJ	Lincang	China	CN	23.7381	100.025
LNK	Lincoln	Nebraska	US	40.8449	-96.7618
LNL	Longnan	China	CN	33.7899	105.79
LNO	Leonora	Australia	AU	-28.8781	121.315
LNS	Lancaster	Pennsylvania	US	40.1217	-76.2961
LNU	Malinau	Indonesia	ID	3.5753	116.62
LNV	Londolovit	Papua New Guinea	PG	-3.0436	152.629
LNY	Lanai City	Hawaii	US	20.7857	-156.951
LNZ	Linz	Austria	AT	48.2354	14.1881
LOD	Longana	Vanuatu	VU	-15.3067	167.967
LOE	Loei Airport	Thailand	TH	17.4391	101.722
LOH	La Toma	Ecuador	EC	-3.9956	-79.3719
LOO	Laghouat	Algeria	DZ	33.7644	2.9283
LOP	Mataram	Indonesia	ID	-8.76	116.278
LOS	Lagos	Nigeria	NG	6.5774	3.3212
LPA	Gran Canaria Island	Spain	ES	27.9319	-15.3866
LPB	La Paz / El Alto	Bolivia	BO	-16.5103	-68.1894
LPD	La Pedrera	Colombia	CO	-1.3249	-69.5813
LPF	Liupanshui	China	CN	26.6094	104.979
LPI	Linköping	Sweden	SE	58.4049	15.6845
LPL	Liverpool	United Kingdom	GB	53.3349	-2.8496
LPM	Lamap	Vanuatu	VU	-16.4611	167.829
LPP	Lappeenranta	Finland	FI	61.0446	28.1447
LPQ	Luang Phabang	Laos	LA	19.9043	102.167
LPS	Lopez	Washington	US	48.4839	-122.938
LPT	Lampang Airport	Thailand	TH	18.2709	99.5042
LPU	Long Apung-Borneo Island	Indonesia	ID	1.7069	114.97
LPY	Chaspuzac, Haute-Loire	France	FR	45.0807	3.7629
LQM	Puerto Leguízamo	Colombia	CO	-0.1823	-74.7708
LRD	Laredo	Texas	US	27.5438	-99.4616
LRE	Longreach	Australia	AU	-23.432	144.278
LRH	La Rochelle	France	FR	46.1792	-1.1953
LRM	La Romana	Dominican Republic	DO	18.4522	-68.9111
LRR	Lar	Iran	IR	27.6747	54.3833
LRS	Leros Island	Greece	GR	37.1849	26.8003
LRU	Las Cruces	New Mexico	US	32.2894	-106.922
LRV	Gran Roque Island	Venezuela	VE	11.9469	-66.6683
LSA	Losuia	Papua New Guinea	PG	-8.5058	151.081
LSC	La Serena-Coquimbo	Chile	CL	-29.9162	-71.1995
LSE	La Crosse	Wisconsin	US	43.879	-91.2567
LSG	Leshan	China	CN	29.4386	103.749
LSH	Lashio	Myanmar	MM	22.9779	97.7522
LSI	Lerwick, Shetland	United Kingdom	GB	59.8789	-1.2956
LSP	Paraguaná	Venezuela	VE	11.7808	-70.1515
LSR	Kutacane	Indonesia	ID	3.3915	97.8637
LST	Launceston	Australia	AU	-41.5449	147.211
LSW	Lhok Seumawe-Sumatra Island	Indonesia	ID	5.2267	96.9503
LSY	Lismore	Australia	AU	-28.8307	153.258
LTD	Ghadames	Libya	LY	30.1455	9.7021
LTI	Altai	Mongolia	MN	46.3764	96.2211
LTK	Latakia	Syria	SY	35.4011	35.9487
LTM	Lethem	Guyana	GY	3.3728	-59.7894
LTN	Luton, Luton	United Kingdom	GB	51.8747	-0.3683
LTO	Loreto	Mexico	MX	25.9895	-111.348
LTT	Saint-Tropez	France	FR	43.2054	6.482
LTU	Latur	India	IN	18.4115	76.4647
LTX	Latacunga	Ecuador	EC	-0.9068	-78.6158
LUA	Lukla	Nepal	NP	27.6868	86.7295
LUD	Luderitz	Namibia	NA	-26.6874	15.2429
LUG	Agno	Switzerland	CH	46.0043	8.9106
LUK	Cincinnati	Ohio	US	39.1024	-84.4189
LUM	Dehong	China	CN	24.4011	98.5317
LUN	Lusaka	Zambia	ZM	-15.3308	28.4527
LUP	Kalaupapa	Hawaii	US	21.211	-156.974
LUQ	San Luis	Argentina	AR	-33.2732	-66.3564
LUR	Cape Lisburne	Alaska	US	68.8751	-166.11
LUV	Langgur	Indonesia	ID	-5.7603	132.759
LUX	Luxembourg	Luxembourg	LU	49.6268	6.2121
LUZ	Lublin	Poland	PL	51.2402	22.7135
LVI	Livingstone	Zambia	ZM	-17.8215	25.8196
LVO	Laverton	Australia	AU	-28.6143	122.429
LWB	Lewisburg	West Virginia	US	37.8579	-80.4004
LWK	Lerwick, Shetland Islands	United Kingdom	GB	60.1922	-1.2436
LWN	Gyumri	Armenia	AM	40.7504	43.8593
LWS	Lewiston	Idaho	US	46.3745	-117.015
LWY	Lawas	Malaysia	MY	4.8492	115.408
LXA	Shannan	China	CN	29.298	90.912
LXG	Luang Namtha	Laos	LA	20.967	101.4
LXR	Luxor	Egypt	EG	25.671	32.7064
LXS	Limnos Island	Greece	GR	39.9171	25.2363
LYA	Luoyang	China	CN	34.7411	112.388
LYC	Lycksele	Sweden	SE	64.5483	18.7162
LYG	Lianyungang	China	CN	34.4141	119.179
LYH	Lynchburg	Virginia	US	37.3267	-79.2004
LYI	Linyi	China	CN	35.0529	118.412
LYP	Faisalabad	Pakistan	PK	31.3649	72.9953
LYR	Longyearbyen	Norway	NO	78.2461	15.4656
LYS	Colombier-Saugnieu, Rhône	France	FR	45.726	5.0901
LZG	Nanchong	China	CN	31.5019	106.034
LZH	Liuzhou	China	CN	24.2075	109.391
LZN	Matsu	Taiwan	TW	26.1597	119.958
LZO	Luzhou	China	CN	29.0304	105.468
LZY	Nyingchi	China	CN	29.3033	94.3353
MAA	Chennai	India	IN	12.99	80.1693
MAB	Marabá	Brazil	BR	-5.3686	-49.138
MAD	Madrid	Spain	ES	40.4934	-3.5722
MAF	Midland	Texas	US	31.9425	-102.202
MAG	Madang	Papua New Guinea	PG	-5.2071	145.789
MAH	Mahón	Spain	ES	39.8626	4.2187
MAJ	Majuro Atoll	Marshall Islands	MH	7.0651	171.272
MAK	Malakal	South Sudan	SS	9.5587	31.6519
MAM	Matamoros	Mexico	MX	25.7699	-97.5253
MAN	Manchester, Greater Manchester	United Kingdom	GB	53.3494	-2.2795
MAO	Manaus	Brazil	BR	-3.0386	-60.0497
MAQ	Mae Sot Airport	Thailand	TH	16.6999	98.5451
MAR	Maracaibo	Venezuela	VE	10.5575	-71.7293
MAS	Manus Island	Papua New Guinea	PG	-2.0619	147.424
MAU	Maupiti Airport	French Polynesia	PF	-16.4265	-152.244
MAZ	Mayaguez	Puerto Rico	PR	18.2557	-67.1485
MBA	Mombasa	Kenya	KE	-4.0348	39.5942
MBD	Mafeking	South Africa	ZA	-25.7984	25.548
MBE	Monbetsu	Japan	JP	44.3039	143.404
MBI	Mbeya	Tanzania	TZ	-8.9199	33.274
MBJ	Montego Bay	Jamaica	JM	18.5034	-77.9132
MBL	Manistee	Michigan	US	44.2727	-86.2465
MBS	Freeland	Michigan	US	43.5332	-84.0831
MBT	Masbate	Philippines	PH	12.3697	123.63
MBW	Melbourne	Australia	AU	-37.9778	145.1
MBX	Maribor	Slovenia	SI	46.4799	15.6861
MCE	Merced	California	US	37.2847	-120.514
MCG	McGrath	Alaska	US	62.9529	-155.606
MCI	Kansas City	Missouri	US	39.3017	-94.7139
MCK	McCook	Nebraska	US	40.2078	-100.593
MCM	Fontvieille	Monaco	MC	43.7258	7.4197
MCN	Macon	Georgia	US	32.6928	-83.6492
MCO	Orlando	Florida	US	28.4294	-81.309
MCP	Macapá	Brazil	BR	0.0507	-51.0722
MCT	Muscat/Seeb	Oman	OM	23.6002	58.2853
MCV	McArthur River Mine	Australia	AU	-16.4425	136.084
MCW	Mason City	Iowa	US	43.1598	-93.3297
MCX	Makhachkala	Russia	RU	42.8168	47.6523
MCY	Maroochydore	Australia	AU	-26.5933	153.083
MCZ	Maceió	Brazil	BR	-9.5126	-35.7918
MDC	Manado	Indonesia	ID	1.5486	124.926
MDE	Medellín	Colombia	CO	6.1645	-75.4231
MDG	Mudanjiang	China	CN	44.5252	129.569
MDI	Makurdi	Nigeria	NG	7.7039	8.6139
MDK	Mbandaka	Democratic Republic of the Congo	CD	0.0226	18.2887
MDL	Mandalay	Myanmar	MM	21.7022	95.9779
MDQ	Mar del Plata	Argentina	AR	-37.9342	-57.5733
MDT	Harrisburg	Pennsylvania	US	40.1928	-76.7623
MDU	Mendi	Papua New Guinea	PG	-6.1477	143.657
MDW	Chicago	Illinois	US	41.786	-87.7524
MDZ	Mendoza	Argentina	AR	-32.8317	-68.7929
MEB	Essendon Fields	Australia	AU	-37.7281	144.902
MEC	Manta	Ecuador	EC	-0.9461	-80.6788
MED	Medina	Saudi Arabia	SA	24.5534	39.7051
MEE	Maré	New Caledonia	NC	-21.4824	168.038
MEG	Malanje	Angola	AO	-9.5251	16.3124
MEH	Mehamn	Norway	NO	71.0297	27.8267
MEI	Meridian	Mississippi	US	32.3326	-88.7519
MEL	Melbourne	Australia	AU	-37.6707	144.838
MEM	Memphis	Tennessee	US	35.0438	-89.9763
MEQ	Kuala Pesisir	Indonesia	ID	4.041	96.2533
MEX	Mexico City	Mexico	MX	19.4358	-99.0703
MFA	Kilindoni	Tanzania	TZ	-7.9175	39.6685
MFE	McAllen	Texas	US	26.1761	-98.238
MFG	Muzaffarabad	Pakistan	PK	34.3388	73.5089
MFJ	Moala	Fiji	FJ	-18.5667	179.951
MFK	Matsu	Taiwan	TW	26.2241	120.003
MFM	Nossa Senhora do Carmo	Macau	MO	22.1496	113.592
MFR	Medford	Oregon	US	42.3742	-122.873
MFU	Mfuwe	Zambia	ZM	-13.2589	31.9366
MGA	Managua	Nicaragua	NI	12.1415	-86.1682
MGB	Mount Gambier	Australia	AU	-37.7444	140.781
MGC	Michigan City	Indiana	US	41.7033	-86.8212
MGF	Maringá	Brazil	BR	-23.4761	-52.0162
MGH	Margate	South Africa	ZA	-30.8574	30.343
MGM	Montgomery	Alabama	US	32.3006	-86.394
MGQ	Mogadishu	Somalia	SO	2.0144	45.3047
MGT	Milingimbi Island	Australia	AU	-12.0944	134.894
MGW	Morgantown	West Virginia	US	39.6433	-79.9176
MGZ	Mkeik	Myanmar	MM	12.4398	98.6215
MHC	Dalcahue	Chile	CL	-42.3404	-73.7157
MHD	Mashhad	Iran	IR	36.2348	59.6429
MHG	Mannheim	Germany	DE	49.4731	8.5142
MHH	Marsh Harbour	Bahamas	BS	26.5107	-77.0843
MHK	Manhattan	Kansas	US	39.141	-96.6708
MHM	Manaoba	Solomon Islands	SB	-8.325	160.8
MHQ	Mariehamn	Finland	FI	60.1222	19.8982
MHT	Manchester	New Hampshire	US	42.9326	-71.4357
MHU	Mount Hotham	Australia	AU	-37.0475	147.334
MHX	Manihiki Island	Cook Islands	CK	-10.3809	-160.999
MIA	Miami	Florida	US	25.796	-80.2898
MID	Mérida	Mexico	MX	20.9305	-89.6455
MIG	Mianyang	China	CN	31.4281	104.741
MII	Marília	Brazil	BR	-22.1969	-49.9265
MIJ	Mili Island	Marshall Islands	MH	6.0848	171.731
MIM	Merimbula	Australia	AU	-36.9086	149.901
MIR	Monastir	Tunisia	TN	35.7581	10.7547
MIS	Misima Island	Papua New Guinea	PG	-10.6892	152.838
MIU	Maiduguri	Nigeria	NG	11.8542	13.0807
MJE	Majkin	Marshall Islands	MH	8.1634	168.174
MJF	Mosjøen	Norway	NO	65.784	13.2149
MJI	Tripoli	Libya	LY	32.8918	13.2879
MJK	Denham	Australia	AU	-25.8973	113.576
MJM	Mbuji Mayi	Democratic Republic of the Congo	CD	-6.1212	23.569
MJN	Mahajanga	Madagascar	MG	-15.6668	46.3512
MJT	Mytilene	Greece	GR	39.0574	26.5986
MJY	Motygino	Russia	RU	58.1809	94.7453
MJZ	Mirny	Russia	RU	62.5347	114.039
MKE	Milwaukee	Wisconsin	US	42.9472	-87.8966
MKG	Muskegon	Michigan	US	43.1695	-86.2382
MKK	Kaunakakai	Hawaii	US	21.1529	-157.096
MKL	Jackson	Tennessee	US	35.5999	-88.9156
MKM	Mukah	Malaysia	MY	2.8819	112.043
MKP	Makemo	French Polynesia	PF	-16.5839	-143.658
MKQ	Merauke	Indonesia	ID	-8.5239	140.42
MKR	Meekatharra Airport	Australia	AU	-26.6117	118.548
MKU	Makokou	Gabon	GA	0.5792	12.8909
MKW	Manokwari	Indonesia	ID	-0.8918	134.049
MKY	Mackay	Australia	AU	-21.1708	149.183
MKZ	Malacca	Malaysia	MY	2.2656	102.253
MLA	Valletta	Malta	MT	35.8459	14.4915
MLB	Melbourne	Florida	US	28.102	-80.6411
MLE	Malé	Maldives	MV	4.1918	73.5291
MLG	Malang	Indonesia	ID	-7.9291	112.714
MLI	Moline	Illinois	US	41.4485	-90.5075
MLL	Marshall	Alaska	US	61.8643	-162.026
MLM	Morelia	Mexico	MX	19.8499	-101.025
MLN	Melilla	Spain	ES	35.2798	-2.9563
MLO	Milos Island	Greece	GR	36.6969	24.4769
MLU	Monroe	Louisiana	US	32.5109	-92.0377
MLW	Monrovia	Liberia	LR	6.2891	-10.7587
MLX	Malatya	Turkey	TR	38.4353	38.091
MLY	Manley Hot Springs	Alaska	US	64.9919	-150.644
MMB	Ōzora	Japan	JP	43.8806	144.164
MMD	Minamidaito	Japan	JP	25.8465	131.263
MME	Darlington, Durham	United Kingdom	GB	54.5092	-1.4294
MMG	Mount Magnet Airport	Australia	AU	-28.1161	117.842
MMH	Mammoth Lakes	California	US	37.6254	-118.843
MMJ	Matsumoto	Japan	JP	36.1668	137.923
MMK	Murmansk	Russia	RU	68.7817	32.7508
MMO	Vila do Maio	Cape Verde	CV	15.1559	-23.2137
MMX	Malmö	Sweden	SE	55.5356	13.3763
MMY	Miyakojima	Japan	JP	24.7828	125.295
MNC	Nacala	Mozambique	MZ	-14.4882	40.7122
MNF	Mana Island	Fiji	FJ	-17.6728	177.099
MNG	Maningrida	Australia	AU	-12.0561	134.234
MNI	Gerald's Park	Montserrat	MS	16.7918	-62.1932
MNJ	Mananjary	Madagascar	MG	-21.2018	48.3583
MNL	Manila	Philippines	PH	14.5086	121.02
MNT	Minto	Alaska	US	65.148	-149.369
MNU	Mawlamyine	Myanmar	MM	16.4447	97.6607
MNX	Manicoré	Brazil	BR	-5.8114	-61.2783
MNY	Stirling Island	Solomon Islands	SB	-7.4169	155.565
MOB	Mobile	Alabama	US	30.6912	-88.2428
MOC	Montes Claros	Brazil	BR	-16.7069	-43.8189
MOF	Waioti	Indonesia	ID	-8.6395	122.238
MOG	Mong Hsat	Myanmar	MM	20.5168	99.2568
MOH	Morowali	Indonesia	ID	-2.2011	121.663
MOI	Mitiaro Island	Cook Islands	CK	-19.8425	-157.703
MOJ	Moengo	Suriname	SR	5.6076	-54.4003
MOL	Årø	Norway	NO	62.7447	7.2625
MOQ	Morondava	Madagascar	MG	-20.2847	44.3176
MOT	Minot	North Dakota	US	48.258	-101.279
MOU	Mountain Village	Alaska	US	62.0954	-163.682
MOV	Moranbah	Australia	AU	-22.0578	148.077
MOZ	Moorea-Maiao	French Polynesia	PF	-17.4898	-149.762
MPA	Mpacha	Namibia	NA	-17.6343	24.1767
MPC	Muko Muko	Indonesia	ID	-2.5411	101.088
MPH	Caticlan	Philippines	PH	11.9245	121.954
MPL	Montpellier/Méditerranée	France	FR	43.5762	3.963
MPM	Maputo	Mozambique	MZ	-25.9208	32.5726
MPN	Mount Pleasant	Falkland Islands	FK	-51.8226	-58.4458
MPY	Maripasoula	French Guiana	GF	3.6559	-54.0394
MQC	Miquelon	Saint Pierre and Miquelon	PM	47.0955	-56.3803
MQF	Magnitogorsk	Russia	RU	53.392	58.7552
MQJ	Khonuu	Russia	RU	66.4509	143.262
MQL	Mildura	Australia	AU	-34.2292	142.086
MQM	Mardin	Turkey	TR	37.2233	40.6317
MQN	Mo i Rana	Norway	NO	66.3639	14.3014
MQP	Mbombela	South Africa	ZA	-25.3833	31.1053
MQS	Lovell	Saint Vincent and the Grenadines	VC	12.8879	-61.1802
MQT	Gwinn	Michigan	US	46.3515	-87.3959
MQX	Mekele	Ethiopia	ET	13.4674	39.5335
MRA	Misrata	Libya	LY	32.325	15.061
MRE	Serena	Kenya	KE	-1.4046	35.0083
MRI	Anchorage	Alaska	US	61.2128	-149.844
MRS	Marignane, Bouches-du-Rhône	France	FR	43.4381	5.2125
MRU	Plaine Magnien	Mauritius	MU	-20.4302	57.6836
MRV	Mineralnyye Vody	Russia	RU	44.2251	43.0819
MRX	Mahshahr	Iran	IR	30.5562	49.1519
MRY	Monterey	California	US	36.5868	-121.844
MRZ	Moree	Australia	AU	-29.4989	149.845
MSA	Muskrat Dam	Canada	CA	53.4414	-91.7628
MSJ	Misawa	Japan	JP	40.7032	141.368
MSL	Muscle Shoals	Alabama	US	34.7451	-87.613
MSN	Madison	Wisconsin	US	43.1399	-89.3375
MSO	Missoula	Montana	US	46.9158	-114.091
MSP	Minneapolis	Minnesota	US	44.8801	-93.2217
MSQ	Minsk	Belarus	BY	53.8881	28.04
MSR	Muş	Turkey	TR	38.7478	41.6612
MSS	Massena	New York	US	44.9362	-74.8443
MST	Maastricht	Netherlands	NL	50.9111	5.7694
MSU	Maseru	Lesotho	LS	-29.4563	27.5545
MSY	New Orleans	Louisiana	US	29.9934	-90.2647
MSZ	Moçâmedes	Angola	AO	-15.2612	12.1468
MTF	Mizan Teferi	Ethiopia	ET	6.9571	35.5547
MTJ	Montrose	Colorado	US	38.5098	-107.894
MTM	Metlakatla	Alaska	US	55.131	-131.578
MTP	Montauk	New York	US	41.0765	-71.9208
MTR	Montería	Colombia	CO	8.8237	-75.8258
MTT	Cosoleacaque	Mexico	MX	18.1034	-94.5807
MTY	Monterrey	Mexico	MX	25.7785	-100.107
MUA	Munda	Solomon Islands	SB	-8.328	157.263
MUB	Maun	Botswana	BW	-19.9705	23.4314
MUC	Munich	Germany	DE	48.3538	11.7861
MUE	Waimea	Hawaii	US	20.0013	-155.668
MUH	Marsa Matruh	Egypt	EG	31.3243	27.2223
MUK	Mauke Island	Cook Islands	CK	-20.1361	-157.345
MUN	Maturín	Venezuela	VE	9.749	-63.1533
MUR	Marudi	Malaysia	MY	4.1787	114.33
MUX	Multan	Pakistan	PK	30.2032	71.4191
MUZ	Musoma	Tanzania	TZ	-1.503	33.8021
MVB	Franceville	Gabon	GA	-1.6562	13.438
MVD	Ciudad de la Costa	Uruguay	UY	-34.8356	-56.0265
MVF	Mossoró	Brazil	BR	-5.2019	-37.3643
MVP	Mitú	Colombia	CO	1.2537	-70.2339
MVQ	Mogilev	Belarus	BY	53.9549	30.0951
MVR	Maroua	Cameroon	CM	10.4514	14.2574
MVT	Mataiva Airport	French Polynesia	PF	-14.8681	-148.717
MVY	Martha's Vineyard	Massachusetts	US	41.3931	-70.6143
MWA	Marion	Illinois	US	37.7512	-89.0166
MWL	Mineral Wells	Texas	US	32.7816	-98.0602
MWQ	Magway	Myanmar	MM	20.1656	94.9414
MWX	Muan	South Korea	KR	34.9914	126.383
MWZ	Mwanza	Tanzania	TZ	-2.4466	32.936
MXH	Moro	Papua New Guinea	PG	-6.3633	143.238
MXL	Mexicali	Mexico	MX	32.6306	-115.243
MXP	Ferno	Italy	IT	45.6306	8.7281
MXV	Mörön	Mongolia	MN	49.6637	100.1
MXW	Mandalgobi	Mongolia	MN	45.7381	106.269
MXX	Mora	Sweden	SE	60.9579	14.5114
MXZ	Meizhou	China	CN	24.2634	116.098
MYA	Moruya	Australia	AU	-35.8978	150.144
MYD	Malindi	Kenya	KE	-3.2293	40.1017
MYE	Miyakejima	Japan	JP	34.0736	139.56
MYG	Abraham Bay Settlement	Bahamas	BS	22.3795	-73.0135
MYI	Murray Island	Australia	AU	-9.9151	144.055
MYJ	Matsuyama	Japan	JP	33.8269	132.7
MYK	May Creek	Alaska	US	61.3357	-142.687
MYL	McCall	Idaho	US	44.8888	-116.101
MYP	Mary	Turkmenistan	TM	37.6235	61.8957
MYQ	Mysore	India	IN	12.2298	76.6537
MYR	Myrtle Beach	South Carolina	US	33.6797	-78.9283
MYT	Myitkyina	Myanmar	MM	25.3836	97.3519
MYU	Mekoryuk	Alaska	US	60.3723	-166.27
MYW	Mtwara	Tanzania	TZ	-10.3362	40.182
MYY	Miri	Malaysia	MY	4.322	113.987
MZG	Huxi	Taiwan	TW	23.5687	119.628
MZH	Amasya	Turkey	TR	40.8294	35.522
MZI	Sévaré	Mali	ML	14.5128	-4.0796
MZL	Manizales	Colombia	CO	5.0296	-75.4647
MZO	Manzanillo	Cuba	CU	20.2886	-77.0875
MZQ	Mkuze	South Africa	ZA	-27.6261	32.0443
MZR	Mazar-i-Sharif	Afghanistan	AF	36.7041	67.2105
MZS	Moradabad	India	IN	28.8175	78.9219
MZT	Mazatlàn	Mexico	MX	23.1628	-106.264
MZV	Mulu	Malaysia	MY	4.0483	114.805
MZW	Mecheria	Algeria	DZ	33.5359	-0.2424
NAA	Narrabri	Australia	AU	-30.3192	149.827
NAG	Nagpur	India	IN	21.0922	79.0472
NAH	Tabukan Utara, Sangihe Islands	Indonesia	ID	3.6848	125.527
NAJ	Nakhchivan	Azerbaijan	AZ	39.1888	45.4584
NAL	Nalchik	Russia	RU	43.5129	43.6366
NAM	Namniwel	Indonesia	ID	-3.1432	126.977
NAN	Nadi	Fiji	FJ	-17.7618	177.438
NAO	Nanchong	China	CN	30.7981	106.164
NAP	Napoli	Italy	IT	40.886	14.2908
NAQ	Qaanaaq	Greenland	GL	77.4886	-69.3887
NAS	Nassau	Bahamas	BS	25.039	-77.4662
NAT	Natal	Brazil	BR	-5.7698	-35.3666
NAU	Napuka Island	French Polynesia	PF	-14.1774	-141.266
NAV	Nevşehir	Turkey	TR	38.7719	34.5345
NAW	Narathiwat Airport	Thailand	TH	6.5199	101.743
NBC	Nizhnekamsk	Russia	RU	55.5647	52.0925
NBE	Enfidha	Tunisia	TN	36.0758	10.4386
NBJ	Luanda	Angola	AO	-9.0507	13.4991
NBN	San Antonio de Palé	Equatorial Guinea	GQ	-1.4086	5.6242
NBO	Nairobi	Kenya	KE	-1.3189	36.9282
NBS	Baishan	China	CN	42.0669	127.602
NCA	North Caicos	Turks and Caicos Islands	TC	21.9161	-71.943
NCE	Nice, Alpes-Maritimes	France	FR	43.6584	7.2159
NCL	Newcastle upon Tyne, Tyne and Wear	United Kingdom	GB	55.038	-1.6896
NCN	Chenega	Alaska	US	60.0776	-147.995
NCU	Nukus	Uzbekistan	UZ	42.4884	59.6233
NCY	Annecy	France	FR	45.9289	6.0987
NDB	Nouadhibou	Mauritania	MR	20.9324	-17.0302
NDC	Nanded	India	IN	19.1833	77.3167
NDG	Qiqihar	China	CN	47.23	123.914
NDJ	N'Djamena	Chad	TD	12.1337	15.034
NDR	Al Aaroui	Morocco	MA	34.9888	-3.0282
NDU	Rundu	Namibia	NA	-17.9565	19.7194
NDY	Sanday	United Kingdom	GB	59.2503	-2.5767
NEC	Necochea	Argentina	AR	-38.4907	-58.8163
NER	Neryungri	Russia	RU	56.9139	124.914
NEV	Charlestown	Saint Kitts and Nevis	KN	17.2057	-62.5899
NGB	Ningbo	China	CN	29.8267	121.462
NGE	N'Gaoundéré	Cameroon	CM	7.357	13.5592
NGI	Ngau	Fiji	FJ	-18.1156	179.34
NGK	Nogliki	Russia	RU	51.784	143.142
NGO	Tokoname	Japan	JP	34.8584	136.805
NGQ	Shiquanhe	China	CN	32.0979	80.054
NGS	Nagasaki	Japan	JP	32.9169	129.914
NHV	Nuku Hiva	French Polynesia	PF	-8.7956	-140.229
NIB	Nikolai	Alaska	US	63.0179	-154.36
NIM	Niamey	Niger	NE	13.4815	2.1836
NIQ	Niaqornat	Greenland	GL	70.7894	-53.6629
NIU	Naiu Atoll	French Polynesia	PF	-16.1193	-146.369
NJC	Nizhnevartovsk	Russia	RU	60.9493	76.4836
NJF	Najaf	Iraq	IQ	31.9911	44.405
NKC	Nouakchott	Mauritania	MR	18.31	-15.9697
NKG	Nanjing	China	CN	31.735	118.866
NKI	Tuxekan Island	Alaska	US	55.8496	-133.228
NKM	Nagoya	Japan	JP	35.2558	136.924
NKT	Şırnak	Turkey	TR	37.3647	42.0582
NLA	Ndola	Zambia	ZM	-12.9651	28.5156
NLD	Nuevo Laredo	Mexico	MX	27.4439	-99.5705
NLF	Darnley Island	Australia	AU	-9.5792	143.78
NLG	Nelson Lagoon	Alaska	US	56.0075	-161.16
NLH	Ninglang	China	CN	27.5403	100.759
NLI	Nikolayevsk-na-Amure Airport	Russia	RU	53.155	140.65
NLK	Burnt Pine	Norfolk Island	NF	-29.0418	167.94
NLT	Xinyuan	China	CN	43.4318	83.3786
NLU	Mexico City	Mexico	MX	19.7438	-99.0151
NMA	Namangan	Uzbekistan	UZ	40.9846	71.5578
NME	Nightmute	Alaska	US	60.4691	-164.704
NMF	Noonu Atoll	Maldives	MV	5.8174	73.4684
NMI	Navi Mumbai	India	IN	18.9846	73.0653
NNB	Santa Ana Island	Solomon Islands	SB	-10.848	162.454
NNG	Nanning	China	CN	22.5981	108.182
NNM	Naryan Mar	Russia	RU	67.64	53.1219
NNR	Inverin	Ireland	IE	53.2303	-9.4678
NNT	Nan Airport	Thailand	TH	18.8079	100.783
NNY	Nanyang	China	CN	32.9827	112.618
NOB	Nicoya	Costa Rica	CR	9.9765	-85.653
NOC	Charlestown	Ireland	IE	53.9104	-8.817
NOD	Norddeich	Germany	DE	53.6331	7.1903
NOJ	Noyabrsk	Russia	RU	63.1833	75.27
NOP	Sinop	Turkey	TR	42.0183	35.0718
NOS	Nosy Be	Madagascar	MG	-13.3121	48.3148
NOU	Nouméa	New Caledonia	NC	-22.0146	166.213
NOV	Huambo	Angola	AO	-12.8089	15.7605
NOZ	Novokuznetsk	Russia	RU	53.8114	86.8772
NPE	Napier	New Zealand	NZ	-39.4658	176.87
NPL	New Plymouth	New Zealand	NZ	-39.0086	174.179
NPO	Nanga Pinoh-Borneo Island	Indonesia	ID	-0.3486	111.746
NPT	Newport	Rhode Island	US	41.5322	-71.281
NQN	Neuquén	Argentina	AR	-38.949	-68.1557
NQU	Nuquí	Colombia	CO	5.7103	-77.2619
NQY	Newquay	United Kingdom	GB	50.4406	-4.9954
NQZ	Astana	Kazakhstan	KZ	51.027	71.4671
NRA	Narrandera	Australia	AU	-34.7022	146.512
NRD	Norderney	Germany	DE	53.7069	7.23
NRK	Norrköping	Sweden	SE	58.5863	16.2506
NRL	North Ronaldsay	United Kingdom	GB	59.3675	-2.4344
NRN	Weeze	Germany	DE	51.6014	6.1412
NRR	Ceiba	Puerto Rico	PR	18.2473	-65.6398
NRT	Narita	Japan	JP	35.7686	140.389
NSB	Bimini	Bahamas	BS	25.767	-79.25
NSH	Nowshahr	Iran	IR	36.6643	51.4627
NSI	Yaoundé	Cameroon	CM	3.7226	11.5533
NSK	Norilsk	Russia	RU	69.308	87.3259
NSN	Nelson	New Zealand	NZ	-41.2967	173.224
NST	Nakhon Si Thammarat	Thailand	TH	8.5396	99.9447
NTE	Nantes	France	FR	47.1532	-1.6107
NTG	Nantong	China	CN	32.0736	120.98
NTL	Williamtown	Australia	AU	-32.7961	151.835
NTN	Normanton	Australia	AU	-17.6841	141.07
NTQ	Wajima	Japan	JP	37.2931	136.962
NTT	Niuatoputapu	Tonga	TO	-15.9773	-173.791
NTX	Ranai-Natuna Besar Island	Indonesia	ID	3.9087	108.388
NUE	Nuremberg	Germany	DE	49.4987	11.0781
NUI	Nuiqsut	Alaska	US	70.21	-151.006
NUL	Nulato	Alaska	US	64.7293	-158.074
NUM	Sharma	Saudi Arabia	SA	27.9243	35.2936
NUP	Nunapitchuk	Alaska	US	60.9056	-162.44
NUS	Norsup	Vanuatu	VU	-16.0797	167.401
NUX	Novy Urengoy	Russia	RU	66.0694	76.5203
NVA	Neiva	Colombia	CO	2.9501	-75.294
NVI	Navoi	Uzbekistan	UZ	40.1176	65.1727
NVT	Navegantes	Brazil	BR	-26.8794	-48.651
NWI	Norwich, Norfolk	United Kingdom	GB	52.6758	1.2828
NYA	Nyagan	Russia	RU	62.11	65.615
NYI	Sunyani	Ghana	GH	7.3618	-2.3288
NYK	Gathiuru	Kenya	KE	-0.0624	37.0413
NYM	Nadym	Russia	RU	65.4809	72.6989
NYO	Nyköping	Sweden	SE	58.7897	16.9115
NYS	New York	New York	US	40.7351	-73.9728
NYT	Naypyitaw	Myanmar	MM	19.6235	96.201
NYU	Nyaung U	Myanmar	MM	21.1788	94.9302
NZC	Nazca	Peru	PE	-14.854	-74.9615
NZG	Nizhneangarsk	Russia	RU	55.8008	109.595
NZH	Manzhouli	China	CN	49.5667	117.33
NZL	Zhalantun	China	CN	47.8659	122.769
OAJ	Richlands	North Carolina	US	34.8292	-77.6121
OAK	Oakland	California	US	37.7201	-122.221
OAL	Cacoal	Brazil	BR	-11.496	-61.4508
OAX	Oaxaca	Mexico	MX	16.9988	-96.7261
OBN	North Connel	United Kingdom	GB	56.4635	-5.3997
OBO	Obihiro	Japan	JP	42.7333	143.217
OBU	Kobuk	Alaska	US	66.9123	-156.897
OBX	Obo	Papua New Guinea	PG	-7.5906	141.324
OBY	Ittoqqortoormiit	Greenland	GL	70.4882	-21.9717
OCC	Coca	Ecuador	EC	-0.4629	-76.9868
OCE	Ocean City	Maryland	US	38.3104	-75.124
OCJ	Boscobel	Jamaica	JM	18.4041	-76.9698
OCS	Corisco Island	Equatorial Guinea	GQ	0.9109	9.3303
ODB	Córdoba	Spain	ES	37.842	-4.8489
ODE	Odense	Denmark	DK	55.4753	10.3272
ODN	Long Seridan	Malaysia	MY	3.9761	115.067
ODO	Bodaybo	Russia	RU	57.8661	114.243
ODY	Oudomsay	Laos	LA	20.6827	101.994
OEC	Oecussi-Ambeno	Timor-Leste	TL	-9.1984	124.338
OER	Örnsköldsvik	Sweden	SE	63.4083	18.99
OES	San Antonio Oeste	Argentina	AR	-40.7512	-65.0343
OFU	Ofu	American Samoa	AS	-14.1844	-169.67
OGD	Ogden	Utah	US	41.1959	-112.012
OGG	Kahului	Hawaii	US	20.8963	-156.432
OGL	Ogle	Guyana	GY	6.8059	-58.1077
OGN	Yonaguni	Japan	JP	24.4673	122.98
OGS	Ogdensburg	New York	US	44.6819	-75.4655
OGU	Ordu	Turkey	TR	40.9669	38.086
OGX	Ouargla	Algeria	DZ	31.9172	5.4128
OGZ	Beslan	Russia	RU	43.2051	44.6066
OHD	Ohrid	North Macedonia	MK	41.18	20.7423
OHE	Mohe	China	CN	52.9169	122.423
OHO	Okhotsk	Russia	RU	59.4101	143.056
OHS	Suhar	Oman	OM	24.386	56.6254
OIM	Izu Oshima	Japan	JP	34.782	139.36
OIR	Okushiri Island	Japan	JP	42.0717	139.433
OIT	Oita	Japan	JP	33.4794	131.737
OJU	Tojo Una-Una	Indonesia	ID	-0.8654	121.629
OKA	Naha	Japan	JP	26.1924	127.64
OKC	Oklahoma City	Oklahoma	US	35.3934	-97.5982
OKD	Sapporo	Japan	JP	43.1174	141.381
OKE	Wadomari	Japan	JP	27.4316	128.706
OKI	Okinoshima	Japan	JP	36.1784	133.324
OKJ	Okayama	Japan	JP	34.7569	133.855
OKL	Oksibil	Indonesia	ID	-4.9071	140.628
OKR	Yorke Island	Australia	AU	-9.7528	143.406
OKY	Oakey Army Aviation Centre	Australia	AU	-27.4093	151.737
OLA	Ørland	Norway	NO	63.6989	9.604
OLB	Olbia	Italy	IT	40.899	9.5185
OLF	Wolf Point	Montana	US	48.0945	-105.575
OLH	Old Harbor	Alaska	US	57.2181	-153.27
OLJ	Olpoi	Vanuatu	VU	-14.8817	166.558
OLM	Olympia	Washington	US	46.9694	-122.903
OLP	Olympic Dam	Australia	AU	-30.4839	136.877
OLZ	Olyokminsk	Russia	RU	60.4018	120.476
OMA	Omaha	Nebraska	US	41.3032	-95.8941
OMD	Oranjemund	Namibia	NA	-28.5853	16.4464
OME	Nome	Alaska	US	64.5122	-165.445
OMH	Urmia	Iran	IR	37.6681	45.0687
OMN	Zomin	Uzbekistan	UZ	40.014	68.411
OMO	Mostar	Bosnia and Herzegovina	BA	43.2825	17.8461
OMR	Oradea	Romania	RO	47.0253	21.9025
OMS	Omsk	Russia	RU	54.9631	73.3124
OND	Ondangwa	Namibia	NA	-17.8782	15.9526
ONG	Mornington Island Airport	Australia	AU	-16.6625	139.178
ONJ	Kitaakita	Japan	JP	40.1919	140.371
ONQ	Zonguldak	Turkey	TR	41.5064	32.0886
ONT	Ontario	California	US	34.056	-117.601
ONX	Colón	Panama	PA	9.3566	-79.8674
OOK	Toksook Bay	Alaska	US	60.5414	-165.087
OOL	Gold Coast	Australia	AU	-28.166	153.507
OOM	Cooma	Australia	AU	-36.3004	148.972
OPF	Miami	Florida	US	25.907	-80.2784
OPO	Porto	Portugal	PT	41.2481	-8.6814
OPP	Salinópolis	Brazil	BR	-0.6961	-47.3361
OPS	Sinop	Brazil	BR	-11.885	-55.5861
OPU	Balimo	Papua New Guinea	PG	-8.05	142.933
ORB	Örebro	Sweden	SE	59.2237	15.038
ORD	Chicago	Illinois	US	41.9786	-87.9048
ORF	Norfolk	Virginia	US	36.8953	-76.201
ORG	Paramaribo	Suriname	SR	5.8112	-55.1923
ORH	Worcester	Massachusetts	US	42.2673	-71.8757
ORI	Port Lions	Alaska	US	57.8849	-152.848
ORK	Cork	Ireland	IE	51.8413	-8.4911
ORN	Es-Sénia	Algeria	DZ	35.6206	-0.6225
ORT	Northway	Alaska	US	62.9613	-141.929
ORU	Oruro	Bolivia	BO	-17.9562	-67.0758
ORV	Noorvik	Alaska	US	66.8179	-161.019
ORY	Paris	France	FR	48.7295	2.359
ORZ	Orange Walk	Belize	BZ	18.0468	-88.5839
OSD	Östersund	Sweden	SE	63.1935	14.5042
OSI	Osijek	Croatia	HR	45.4624	18.8113
OSL	Oslo	Norway	NO	60.1939	11.1004
OSR	Mošnov	Czech Republic	CZ	49.6963	18.1111
OSS	Osh	Kyrgyzstan	KG	40.609	72.7933
OST	Oostende	Belgium	BE	51.1998	2.8747
OSW	Orsk	Russia	RU	51.0725	58.5956
OSY	Namsos	Norway	NO	64.4722	11.5786
OTD	Contadora Island	Panama	PA	8.6288	-79.0347
OTH	North Bend	Oregon	US	43.4171	-124.246
OTP	Otopeni	Romania	RO	44.5718	26.1033
OTS	Anacortes	Washington	US	48.4985	-122.662
OTZ	Kotzebue	Alaska	US	66.8847	-162.599
OUA	Ouagadougou	Burkina Faso	BF	12.3532	-1.5124
OUD	Ahl Angad	Morocco	MA	34.7896	-1.926
OUI	Ushant	France	FR	48.4632	-5.0636
OUL	Oulu / Oulunsalo	Finland	FI	64.9301	25.3546
OUZ	Zouérate	Mauritania	MR	22.7573	-12.4822
OVB	Novosibirsk	Russia	RU	55.0198	82.6187
OVD	Ranón	Spain	ES	43.5636	-6.0346
OVS	Sovetskiy	Russia	RU	61.3266	63.6019
OWB	Owensboro	Kentucky	US	37.7401	-87.1668
OXB	Bissau	Guinea-Bissau	GW	11.8943	-15.6536
OYE	Oyem	Gabon	GA	1.5431	11.5814
OZC	Ozamiz	Philippines	PH	8.1785	123.842
OZG	Zagora	Morocco	MA	30.2658	-5.8608
OZZ	Ouarzazate	Morocco	MA	30.9391	-6.9094
PAB	Bilaspur	India	IN	21.9884	82.111
PAC	Albrook	Panama	PA	8.9733	-79.5556
PAD	Büren	Germany	DE	51.6125	8.6175
PAE	Everett	Washington	US	47.9063	-122.282
PAG	Pagadian	Philippines	PH	7.8256	123.46
PAH	Paducah	Kentucky	US	37.0608	-88.7738
PAP	Port-au-Prince	Haiti	HT	18.58	-72.2926
PAS	Paros	Greece	GR	37.0205	25.1132
PAT	Patna	India	IN	25.5913	85.088
PAV	Paulo Afonso	Brazil	BR	-9.4009	-38.2506
PAZ	Poza Rica	Mexico	MX	20.6027	-97.4608
PBC	Puebla	Mexico	MX	19.1585	-98.3716
PBD	Porbandar	India	IN	21.6495	69.6564
PBG	Plattsburgh	New York	US	44.6509	-73.4681
PBH	Paro	Bhutan	BT	27.4032	89.4246
PBJ	Paama Island	Vanuatu	VU	-16.432	168.236
PBM	Paramaribo	Suriname	SR	5.4528	-55.1878
PBO	Paraburdoo	Australia	AU	-23.1711	117.745
PBR	Puerto Barrios	Guatemala	GT	15.7309	-88.5838
PBU	Putao	Myanmar	MM	27.3299	97.4263
PCL	Pucallpa	Peru	PE	-8.3781	-74.5745
PCN	Koromiko	New Zealand	NZ	-41.3461	173.956
PCP	São Tomé & Príncipe	São Tomé and Principe	ST	1.6612	7.4111
PCR	Puerto Carreño	Colombia	CO	6.1847	-67.4932
PDA	Puerto Inírida	Colombia	CO	3.8535	-67.9062
PDB	Pedro Bay	Alaska	US	59.7969	-154.13
PDG	Padang	Indonesia	ID	-0.786	100.28
PDK	Atlanta	Georgia	US	33.8763	-84.3021
PDL	Ponta Delgada	Portugal	PT	37.7412	-25.6979
PDM	Pedasí	Panama	PA	7.5348	-80.0433
PDO	Talang Gudang-Sumatra Island	Indonesia	ID	-3.2861	103.88
PDP	Punta del Este	Uruguay	UY	-34.8551	-55.0943
PDS	Piedras Negras	Mexico	MX	28.6279	-100.535
PDT	Pendleton	Oregon	US	45.6951	-118.841
PDV	Plovdiv	Bulgaria	BG	42.0678	24.8508
PDX	Portland	Oregon	US	45.5887	-122.598
PEC	Pelican	Alaska	US	57.9552	-136.236
PED	Pardubice	Czech Republic	CZ	50.015	15.7398
PEE	Perm	Russia	RU	57.9145	56.0212
PEG	Perugia	Italy	IT	43.0959	12.5132
PEI	Pereira	Colombia	CO	4.8127	-75.7395
PEK	Beijing	China	CN	40.0773	116.597
PEM	Puerto Maldonado	Peru	PE	-12.6136	-69.2286
PEN	Penang	Malaysia	MY	5.2963	100.276
PER	Perth	Australia	AU	-31.9403	115.967
PES	Petrozavodsk	Russia	RU	61.8852	34.1547
PET	Pelotas	Brazil	BR	-31.7172	-52.3278
PEU	Puerto Lempira	Honduras	HN	15.2622	-83.7812
PEV	Pécs	Hungary	HU	45.9889	18.242
PEW	Peshawar	Pakistan	PK	33.9939	71.5146
PEX	Pechora	Russia	RU	65.1211	57.1308
PEZ	Penza	Russia	RU	53.1106	45.0211
PFB	Passo Fundo	Brazil	BR	-28.244	-52.3278
PFO	Paphos	Cyprus	CY	34.718	32.4857
PFQ	Parsabad	Iran	IR	39.6036	47.8815
PFR	Ilebo	Democratic Republic of the Congo	CD	-4.3299	20.5901
PGA	Page	Arizona	US	36.9242	-111.448
PGD	Punta Gorda	Florida	US	26.9202	-81.9905
PGF	Perpignan/Rivesaltes	France	FR	42.7404	2.8707
PGH	Pantnagar	India	IN	29.0334	79.4737
PGK	Pangkal Pinang	Indonesia	ID	-2.1622	106.139
PGM	Port Graham	Alaska	US	59.3484	-151.83
PGU	Khiyaroo	Iran	IR	27.3796	52.7377
PGV	Greenville	North Carolina	US	35.6355	-77.3843
PGZ	Ponta Grossa	Brazil	BR	-25.1845	-50.1438
PHB	Parnaíba	Brazil	BR	-2.8937	-41.732
PHC	Port Harcourt	Nigeria	NG	5.0155	6.9496
PHE	Port Hedland	Australia	AU	-20.3828	118.63
PHF	Newport News	Virginia	US	37.1319	-76.493
PHG	Port Harcourt	Nigeria	NG	4.8461	7.0214
PHH	Pokhara	Nepal	NP	28.1838	84.0147
PHL	Philadelphia	Pennsylvania	US	39.8719	-75.2411
PHO	Point Hope	Alaska	US	68.3488	-166.799
PHS	Phitsanulok	Thailand	TH	16.7829	100.279
PHW	Phalaborwa	South Africa	ZA	-23.9372	31.1554
PHX	Phoenix	Arizona	US	33.4353	-112.006
PHY	Phetchabun Airport	Thailand	TH	16.676	101.195
PIA	Peoria	Illinois	US	40.6638	-89.6926
PIB	Moselle	Mississippi	US	31.4671	-89.3371
PIE	Pinellas Park	Florida	US	27.9102	-82.6874
PIH	Pocatello	Idaho	US	42.9098	-112.596
PIK	Prestwick, South Ayrshire	United Kingdom	GB	55.5015	-4.5772
PIP	Pilot Point	Alaska	US	57.5804	-157.572
PIR	Pierre	South Dakota	US	44.3827	-100.286
PIS	Poitiers/Biard	France	FR	46.5877	0.3067
PIT	Pittsburgh	Pennsylvania	US	40.4915	-80.2329
PIU	Piura	Peru	PE	-5.2058	-80.6164
PIX	Pico Island	Portugal	PT	38.5543	-28.4413
PIZ	Point Lay	Alaska	US	69.7329	-163.005
PJA	Pajala	Sweden	SE	67.2446	23.0749
PJM	Puerto Jimenez	Costa Rica	CR	8.5333	-83.3
PKA	Napaskiak	Alaska	US	60.7029	-161.778
PKB	Parkersburg	West Virginia	US	39.3451	-81.4392
PKC	Petropavlovsk-Kamchatsky	Russia	RU	53.1687	158.451
PKE	Parkes	Australia	AU	-33.1314	148.239
PKG	Pangkor Island	Malaysia	MY	4.2447	100.553
PKN	Pangkalanbun	Indonesia	ID	-2.7052	111.673
PKP	Puka Puka Airport	French Polynesia	PF	-14.8095	-138.813
PKR	Pokhara	Nepal	NP	28.2006	83.9812
PKU	Pekanbaru	Indonesia	ID	0.4586	101.444
PKV	Pskov	Russia	RU	57.7813	28.3938
PKX	Beijing	China	CN	39.5013	116.414
PKY	Palangkaraya	Indonesia	ID	-2.2271	113.943
PKZ	Pakse	Laos	LA	15.134	105.78
PLJ	Placencia	Belize	BZ	16.537	-88.3615
PLM	Palembang	Indonesia	ID	-2.8977	104.698
PLN	Pellston	Michigan	US	45.5709	-84.7967
PLO	Port Lincoln	Australia	AU	-34.6053	135.88
PLQ	Palanga	Lithuania	LT	55.9732	21.0939
PLS	Providenciales	Turks and Caicos Islands	TC	21.7737	-72.2683
PLW	Palu	Indonesia	ID	-0.9165	119.909
PLX	Semey	Kazakhstan	KZ	50.3513	80.2344
PLZ	Gqeberha	South Africa	ZA	-33.9897	25.6174
PMC	Puerto Montt	Chile	CL	-41.4431	-73.0941
PMF	Parma	Italy	IT	44.8264	10.2971
PMG	Ponta Porã	Brazil	BR	-22.5496	-55.7026
PMI	Palma de Mallorca	Spain	ES	39.5517	2.7388
PMK	Palm Island Airport	Australia	AU	-18.7553	146.581
PMO	Palermo	Italy	IT	38.176	13.091
PMQ	Perito Moreno	Argentina	AR	-46.5379	-70.9787
PMR	Palmerston North	New Zealand	NZ	-40.3206	175.617
PMV	Isla Margarita	Venezuela	VE	10.9126	-63.9666
PMW	Palmas	Brazil	BR	-10.2915	-48.357
PMY	Puerto Madryn	Argentina	AR	-42.7592	-65.1027
PNA	Pamplona	Spain	ES	42.77	-1.6463
PND	Punta Gorda	Belize	BZ	16.1024	-88.8083
PNI	Pohnpei Island	Micronesia	FM	6.9851	158.21
PNK	Pontianak	Indonesia	ID	-0.1523	109.404
PNL	Pantelleria	Italy	IT	36.8165	11.9689
PNP	Popondetta	Papua New Guinea	PG	-8.8045	148.309
PNQ	Pune	India	IN	18.5821	73.9197
PNR	Pointe Noire	Republic of the Congo	CG	-4.816	11.8866
PNS	Pensacola	Florida	US	30.4727	-87.1866
PNT	Puerto Natales	Chile	CL	-51.6707	-72.5291
PNY	Puducherry	India	IN	11.968	79.812
PNZ	Petrolina	Brazil	BR	-9.3624	-40.5691
POA	Porto Alegre	Brazil	BR	-29.994	-51.1675
POG	Port Gentil	Gabon	GA	-0.7117	8.7544
POL	Pemba	Mozambique	MZ	-12.9933	40.5249
POM	Port Moresby	Papua New Guinea	PG	-9.4434	147.22
POP	Puerto Plata	Dominican Republic	DO	19.7579	-70.57
POR	Pori	Finland	FI	61.4617	21.8
POS	Port of Spain	Trinidad and Tobago	TT	10.5953	-61.3376
POZ	Poznań	Poland	PL	52.4216	16.8234
PPB	Presidente Prudente	Brazil	BR	-22.1751	-51.4246
PPE	Puerto Peñasco	Mexico	MX	31.352	-113.305
PPG	Pago Pago	American Samoa	AS	-14.331	-170.71
PPK	Petropavl	Kazakhstan	KZ	54.7756	69.1874
PPN	Popayán	Colombia	CO	2.4544	-76.6093
PPP	Proserpine	Australia	AU	-20.4944	148.554
PPS	Puerto Princesa	Philippines	PH	9.742	118.759
PPT	Papeete	French Polynesia	PF	-17.5535	-149.607
PPV	Port Protection	Alaska	US	56.3288	-133.61
PPW	Papa Westray, Orkney Islands	United Kingdom	GB	59.351	-2.9004
PQC	Phu Quoc Island	Vietnam	VN	10.1698	103.993
PQI	Presque Isle	Maine	US	46.689	-68.0448
PQQ	Port Macquarie	Australia	AU	-31.4358	152.863
PQS	Pilot Station	Alaska	US	61.9617	-162.942
PQT	Qeqertaq	Greenland	GL	69.9959	-51.3009
PRA	Parana	Argentina	AR	-31.7948	-60.4804
PRC	Prescott	Arizona	US	34.6535	-112.42
PRG	Prague	Czech Republic	CZ	50.1009	14.2599
PRI	Praslin Island	Seychelles	SC	-4.3193	55.6916
PRM	Portimão	Portugal	PT	37.1493	-8.584
PRN	Prishtina	Kosovo	XK	42.5728	21.0358
PSA	Pisa	Italy	IT	43.6839	10.3927
PSC	Pasco	Washington	US	46.2647	-119.119
PSD	Port Said	Egypt	EG	31.2793	32.2406
PSE	Ponce	Puerto Rico	PR	18.0083	-66.563
PSG	Petersburg	Alaska	US	56.8017	-132.945
PSM	Portsmouth	New Hampshire	US	43.0779	-70.8233
PSO	Chachagüí	Colombia	CO	1.3967	-77.2909
PSP	Palm Springs	California	US	33.8297	-116.507
PSR	Pescara	Italy	IT	42.4311	14.183
PSS	Posadas	Argentina	AR	-27.3858	-55.9707
PSU	Putussibau-Borneo Island	Indonesia	ID	0.8346	112.94
PSY	Stanley	Falkland Islands	FK	-51.6857	-57.7776
PSZ	Puerto Suárez	Bolivia	BO	-18.9753	-57.8206
PTA	Port Alsworth	Alaska	US	60.2017	-154.326
PTD	Port Alexander	Alaska	US	56.2468	-134.648
PTF	Malolo Lailai Island	Fiji	FJ	-17.7784	177.197
PTG	Polokwane	South Africa	ZA	-23.8453	29.4586
PTH	Port Heiden	Alaska	US	56.9579	-158.63
PTJ	Portland Airport	Australia	AU	-38.3181	141.471
PTO	Pato Branco	Brazil	BR	-26.2172	-52.6945
PTP	Pointe-à-Pitre	Guadeloupe	GP	16.2654	-61.5328
PTU	Platinum	Alaska	US	59.0177	-161.828
PTY	Tocumen	Panama	PA	9.0714	-79.3835
PUB	Pueblo	Colorado	US	38.2891	-104.497
PUD	Puerto Deseado	Argentina	AR	-47.7353	-65.9041
PUF	Pau/Pyrénées	France	FR	43.38	-0.4186
PUG	Port Augusta Airport	Australia	AU	-32.5069	137.717
PUJ	Punta Cana	Dominican Republic	DO	18.5671	-68.3646
PUQ	Punta Arenas	Chile	CL	-53.0026	-70.8546
PUR	Puerto Rico/Manuripi	Bolivia	BO	-11.1077	-67.5512
PUS	Busan	South Korea	KR	35.1795	128.938
PUU	Puerto Asís	Colombia	CO	0.5052	-76.5008
PUW	Pullman	Washington	US	46.7416	-117.112
PUY	Pula	Croatia	HR	44.8935	13.9222
PUZ	Puerto Cabezas	Nicaragua	NI	14.0472	-83.3867
PVA	Providencia	Colombia	CO	13.3575	-81.358
PVD	Providence/Warwick	Rhode Island	US	41.725	-71.4257
PVG	Shanghai	China	CN	31.1434	121.805
PVH	Porto Velho	Brazil	BR	-8.7085	-63.9023
PVK	Preveza	Greece	GR	38.9255	20.7653
PVR	Puerto Vallarta	Mexico	MX	20.6799	-105.254
PVU	Provo	Utah	US	40.2189	-111.722
PWE	Apapelgino	Russia	RU	69.7833	170.597
PWM	Portland	Maine	US	43.6462	-70.3093
PWQ	Pavlodar	Kazakhstan	KZ	52.195	77.0731
PXH	Mount Eba	Australia	AU	-29.716	135.524
PXM	Puerto Escondido	Mexico	MX	15.8768	-97.0891
PXO	Vila Baleira	Portugal	PT	33.0734	-16.35
PXR	Surin	Thailand	TH	14.8683	103.498
PXU	Pleiku	Vietnam	VN	14.0045	108.017
PYJ	Yakutia	Russia	RU	66.4004	112.03
PYK	Karaj	Iran	IR	35.7761	50.8267
PYT	Paracatu	Brazil	BR	-17.2426	-46.8831
PZB	Pietermaritzburg	South Africa	ZA	-29.649	30.3987
PZE	Penzance, Cornwall	United Kingdom	GB	50.1304	-5.5139
PZH	Fort Sandeman	Pakistan	PK	31.3584	69.4636
PZI	Panzhihua	China	CN	26.54	101.799
PZO	Guyana City	Venezuela	VE	8.2885	-62.7604
PZU	Port Sudan	Sudan	SD	19.4346	37.2341
QBC	Bella Coola	Canada	CA	52.3875	-126.596
QCU	Akunnaaq	Greenland	GL	68.7443	-52.3404
QFG	Eqalugaarsuit	Greenland	GL	60.6197	-45.9141
QFI	Iginniarfik	Greenland	GL	68.1458	-53.1692
QFN	Narsarmijit	Greenland	GL	60.0047	-44.6569
QFX	Igaliku	Greenland	GL	60.9923	-45.4314
QGQ	Attu	Greenland	GL	67.9407	-53.6219
QJE	Kitsissuarsuit	Greenland	GL	68.8579	-53.1233
QJH	Qassimiut	Greenland	GL	60.781	-47.1562
QJI	Ikamiut	Greenland	GL	68.6343	-51.8323
QOQ	Saarloq	Greenland	GL	60.5378	-46.0247
QOW	Owerri	Nigeria	NG	5.4271	7.206
QPW	Kangaatsiaq	Greenland	GL	68.3127	-53.4602
QRO	Querétaro	Mexico	MX	20.6188	-100.186
QRW	Okpe	Nigeria	NG	5.5982	5.8187
QRY	Ikerassaarsuk	Greenland	GL	68.1409	-53.4415
QSF	Sétif	Algeria	DZ	36.1785	5.3299
QSR	Salerno	Italy	IT	40.6204	14.9113
QSZ	Shache	China	CN	38.2454	77.0561
QUO	Uyo	Nigeria	NG	4.8725	8.093
QUV	Aappilattoq	Greenland	GL	60.1484	-44.2869
QUW	Ammassivik	Greenland	GL	60.5974	-45.3824
RAB	Kokopo	Papua New Guinea	PG	-4.3405	152.38
RAE	Arar	Saudi Arabia	SA	30.9066	41.1382
RAH	Rafha	Saudi Arabia	SA	29.6264	43.4906
RAI	Praia	Cape Verde	CV	14.9411	-23.4847
RAK	Marrakesh	Morocco	MA	31.6048	-8.0358
RAM	Ramingining Airport	Australia	AU	-12.3564	134.898
RAO	Ribeirão Preto	Brazil	BR	-21.1343	-47.7741
RAP	Rapid City	South Dakota	US	44.0453	-103.057
RAR	Avarua	Cook Islands	CK	-21.2027	-159.806
RAS	Rasht	Iran	IR	37.3233	49.6178
RBA	Rabat	Morocco	MA	34.0515	-6.7515
RBB	Borba	Brazil	BR	-4.4063	-59.6024
RBQ	Rurrenabaque	Bolivia	BO	-14.4279	-67.4968
RBR	Rio Branco	Brazil	BR	-9.869	-67.894
RBV	Ramata	Solomon Islands	SB	-8.1681	157.643
RBY	Ruby	Alaska	US	64.7272	-155.47
RCB	Richards Bay	South Africa	ZA	-28.741	32.0921
RCE	Roche Harbor	Washington	US	48.6123	-123.139
RCH	Riohacha	Colombia	CO	11.5262	-72.926
RCM	Richmond Airport	Australia	AU	-20.7019	143.115
RDD	Redding	California	US	40.509	-122.293
RDM	Redmond	Oregon	US	44.2541	-121.15
RDO	Radom	Poland	PL	51.3894	21.2147
RDP	Durgapur	India	IN	23.6225	87.243
RDU	Raleigh/Durham	North Carolina	US	35.8787	-78.7873
RDV	Red Devil	Alaska	US	61.7881	-157.35
RDZ	Rodez/Marcillac	France	FR	44.4079	2.4827
REC	Recife	Brazil	BR	-8.1275	-34.923
REG	Reggio Calabria	Italy	IT	38.0712	15.6516
REL	Rawson	Argentina	AR	-43.2105	-65.2703
REN	Orenburg	Russia	RU	51.7927	55.4572
RER	Retalhuleu	Guatemala	GT	14.5214	-91.697
RES	Resistencia	Argentina	AR	-27.4499	-59.0561
RET	Røst	Norway	NO	67.5265	12.1016
REU	Reus	Spain	ES	41.1475	1.1684
REW	Rewa	India	IN	24.5034	81.2203
REX	Reynosa	Mexico	MX	26.0089	-98.2285
RFD	Chicago/Rockford	Illinois	US	42.1954	-89.0972
RFP	Uturoa	French Polynesia	PF	-16.7229	-151.466
RGA	Rio Grande	Argentina	AR	-53.7777	-67.7494
RGI	Rangiroa Airport	French Polynesia	PF	-14.9543	-147.661
RGL	Rio Gallegos	Argentina	AR	-51.6088	-69.3089
RGN	Yangon	Myanmar	MM	16.9073	96.1332
RGO	Hoemun-ri	North Korea	KP	41.4285	129.648
RHD	Termas de Río Hondo	Argentina	AR	-27.4966	-64.936
RHI	Rhinelander	Wisconsin	US	45.6312	-89.4675
RHO	Rhodes	Greece	GR	36.4054	28.0862
RHT	Badanjilin	China	CN	39.225	101.546
RIA	Santa Maria	Brazil	BR	-29.7114	-53.6882
RIB	Riberalta	Bolivia	BO	-11.0094	-66.0755
RIC	Richmond	Virginia	US	37.5052	-77.3197
RIH	Río Hato	Panama	PA	8.3759	-80.1279
RIS	Rishiri	Japan	JP	45.242	141.186
RIW	Riverton	Wyoming	US	43.0642	-108.46
RIX	Riga	Latvia	LV	56.9208	23.9707
RIY	Mukalla	Yemen	YE	14.6622	49.3753
RIZ	Rizhao	China	CN	35.405	119.324
RJA	Madhurapudi	India	IN	17.1058	81.8132
RJH	Rajshahi	Bangladesh	BD	24.4372	88.6165
RJK	Rijeka	Croatia	HR	45.2164	14.5709
RJL	Logroño	Spain	ES	42.461	-2.3222
RJM	Waisai	Indonesia	ID	-0.425	130.774
RJN	Rafsanjan	Iran	IR	30.2983	56.049
RKD	Rockland	Maine	US	44.0601	-69.0992
RKE	Roskilde	Denmark	DK	55.5856	12.1314
RKI	Sipura Island	Indonesia	ID	-2.1001	99.7044
RKS	Rock Springs	Wyoming	US	41.5942	-109.065
RKT	Ras Al Khaimah	United Arab Emirates	AE	25.6135	55.9388
RKV	Reykjavík	Iceland	IS	64.1287	-21.9376
RKZ	Xigazê	China	CN	29.3509	89.2992
RLG	Laage	Germany	DE	53.9182	12.2783
RLK	Bayannur	China	CN	40.9264	107.741
RMA	Roma	Australia	AU	-26.545	148.775
RMF	Marsa Alam	Egypt	EG	25.5555	34.5924
RMI	Rimini	Italy	IT	44.02	12.6122
RML	Colombo	Sri Lanka	LK	6.8216	79.8859
RMO	Chişinău	Moldova	MD	46.9277	28.9317
RMP	Rampart	Alaska	US	65.5079	-150.141
RMQ	Taichung	Taiwan	TW	24.2647	120.621
RMT	Rimatara Island	French Polynesia	PF	-22.6373	-152.806
RMU	Corvera	Spain	ES	37.8029	-1.1249
RMZ	Tobolsk	Russia	RU	58.0597	68.348
RNB	Ronneby	Sweden	SE	56.2667	15.265
RNI	Corn Island	Nicaragua	NI	12.1748	-83.0594
RNJ	Yoron	Japan	JP	27.0438	128.402
RNL	Rennell Island	Solomon Islands	SB	-11.55	160.063
RNN	Rønne	Denmark	DK	55.0633	14.7596
RNO	Reno	Nevada	US	39.4991	-119.768
RNP	Rongelap Island	Marshall Islands	MH	11.1572	166.887
RNS	Saint-Jacques-de-la-Lande, Ille-et-Vilaine	France	FR	48.0695	-1.7348
ROA	Roanoke	Virginia	US	37.3255	-79.9754
ROB	Monrovia	Liberia	LR	6.2338	-10.3623
ROC	Rochester	New York	US	43.1189	-77.6724
ROI	Roi Et	Thailand	TH	16.1168	103.774
ROK	Rockhampton	Australia	AU	-23.38	150.475
ROO	Rondonópolis	Brazil	BR	-16.5843	-54.7248
ROP	Rota Island	Northern Mariana Islands	MP	14.1733	145.241
ROR	Babelthuap Island	Palau	PW	7.367	134.544
ROS	Rosario	Argentina	AR	-32.9036	-60.785
ROT	Rotorua	New Zealand	NZ	-38.1092	176.317
ROW	Roswell	New Mexico	US	33.3016	-104.531
RPR	Raipur	India	IN	21.1804	81.7388
RQA	Ruoqiang Town	China	CN	38.9747	88.0083
RRG	Port Mathurin	Mauritius	MU	-19.7567	63.3593
RRR	Raroia	French Polynesia	PF	-16.0505	-142.477
RRS	Røros	Norway	NO	62.5784	11.3423
RSA	Santa Rosa	Argentina	AR	-36.5883	-64.2757
RSD	Rock Sound	Bahamas	BS	24.8916	-76.1776
RSH	Russian Mission	Alaska	US	61.7751	-161.32
RSI	Hanak	Saudi Arabia	SA	25.628	37.0889
RSJ	Rosario	Washington	US	48.6457	-122.868
RST	Rochester	Minnesota	US	43.9083	-92.5
RSU	Yeosu	South Korea	KR	34.8423	127.617
RSW	Fort Myers	Florida	US	26.5347	-81.7528
RTA	Rotuma	Fiji	FJ	-12.4825	177.071
RTB	Coxen Hole	Honduras	HN	16.3168	-86.523
RTG	Satar Tacik, Manggarai	Indonesia	ID	-8.5962	120.478
RTI	Ba'a - Rote Island	Indonesia	ID	-10.7658	123.076
RTM	Rotterdam	Netherlands	NL	51.9569	4.4372
RUA	Arua	Uganda	UG	3.0492	30.9117
RUH	Riyadh	Saudi Arabia	SA	24.9576	46.6988
RUL	Maavaarulu	Maldives	MV	0.3381	73.5129
RUN	Sainte-Marie	Réunion	RE	-20.8901	55.5189
RUR	Rurutu Airport	French Polynesia	PF	-22.4341	-151.361
RUS	Marau	Solomon Islands	SB	-9.8617	160.825
RUT	Rutland	Vermont	US	43.5294	-72.9496
RVE	Saravena	Colombia	CO	6.9519	-71.8572
RVK	Rørvik	Norway	NO	64.8383	11.1461
RVN	Rovaniemi	Finland	FI	66.5633	25.8298
RVV	Raivavae Airport	French Polynesia	PF	-23.8852	-147.662
RVY	Rivera/Santana do Livramento	Uruguay	UY	-30.9746	-55.4762
RXS	Roxas City	Philippines	PH	11.5977	122.752
RYK	Rahim Yar Khan	Pakistan	PK	28.3839	70.2796
RYO	Rio Turbio	Argentina	AR	-51.605	-72.2203
RZE	Jasionka	Poland	PL	50.1098	22.0242
RZR	Ramsar	Iran	IR	36.907	50.6873
RZV	Rize	Turkey	TR	41.1798	40.8488
SAB	Zion's Hill	Caribbean Netherlands	BQ	17.6453	-63.2205
SAE	Saattut	Greenland	GL	70.8112	-51.6313
SAF	Santa Fe	New Mexico	US	35.6171	-106.089
SAG	Kakadi	India	IN	19.6892	74.3737
SAH	Sanaa	Yemen	YE	15.4763	44.2197
SAI	Siem Reap	Cambodia	KH	13.3697	104.224
SAL	San Salvador	El Salvador	SV	13.4445	-89.0558
SAN	San Diego	California	US	32.7336	-117.19
SAP	San Pedro Sula	Honduras	HN	15.4526	-87.9236
SAQ	Andros Island	Bahamas	BS	25.0538	-78.049
SAT	San Antonio	Texas	US	29.5337	-98.4698
SAV	Savannah	Georgia	US	32.1266	-81.2
SAW	Pendik, Istanbul	Turkey	TR	40.8986	29.3092
SBA	Santa Barbara	California	US	34.4262	-119.84
SBD	San Bernardino	California	US	34.0967	-117.237
SBH	Gustavia	Saint Barthélemy	BL	17.9044	-62.8433
SBN	South Bend	Indiana	US	41.7083	-86.3169
SBP	San Luis Obispo	California	US	35.2368	-120.642
SBR	Saibai Island	Australia	AU	-9.3783	142.625
SBT	Sabetta	Russia	RU	71.2192	72.0522
SBW	Sibu	Malaysia	MY	2.2616	111.985
SBY	Salisbury	Maryland	US	38.3405	-75.5103
SBZ	Sibiu	Romania	RO	45.7858	24.0867
SCC	Deadhorse	Alaska	US	70.1947	-148.465
SCE	State College	Pennsylvania	US	40.8494	-77.8485
SCK	Stockton	California	US	37.8933	-121.238
SCL	Santiago	Chile	CL	-33.393	-70.7858
SCM	Scammon Bay	Alaska	US	61.8447	-165.575
SCN	Saarbrücken	Germany	DE	49.2145	7.1097
SCO	Aktau	Kazakhstan	KZ	43.8601	51.0909
SCQ	Santiago de Compostela	Spain	ES	42.8963	-8.4151
SCR	Malung-Sälen	Sweden	SE	61.1651	12.8335
SCT	Mori	Yemen	YE	12.6321	53.9062
SCU	Santiago	Cuba	CU	19.9747	-75.8355
SCV	Suceava	Romania	RO	47.6875	26.3541
SCW	Syktyvkar	Russia	RU	61.647	50.8451
SCY	Puerto Baquerizo Moreno	Ecuador	EC	-0.9102	-89.6174
SCZ	Santa Cruz/Graciosa Bay/Luova	Solomon Islands	SB	-10.7203	165.795
SDD	Lubango	Angola	AO	-14.9248	13.5767
SDE	Santiago del Estero	Argentina	AR	-27.7656	-64.31
SDF	Louisville	Kentucky	US	38.1706	-85.7351
SDG	Sanandaj Airport	Iran	IR	35.2459	47.0092
SDJ	Natori	Japan	JP	38.1397	140.917
SDK	Sandakan	Malaysia	MY	5.9009	118.059
SDL	Sundsvall/ Härnösand	Sweden	SE	62.5281	17.4439
SDN	Sandane	Norway	NO	61.83	6.1058
SDP	Sand Point	Alaska	US	55.3139	-160.522
SDQ	Santo Domingo	Dominican Republic	DO	18.4297	-69.6689
SDR	Santander	Spain	ES	43.4271	-3.82
SDS	Sado	Japan	JP	38.0602	138.414
SDU	Rio de Janeiro	Brazil	BR	-22.9104	-43.1628
SDW	Chipi	India	IN	16.0026	73.5298
SDY	Sidney	Montana	US	47.7051	-104.194
SEA	Seattle	Washington	US	47.4479	-122.31
SEB	Sabha	Libya	LY	26.9925	14.4662
SEK	Srednekolymsk	Russia	RU	67.4805	153.736
SEN	Southend-on-Sea, Essex	United Kingdom	GB	51.5706	0.6936
SET	Serra Talhada	Brazil	BR	-8.0614	-38.3289
SEU	Seronera	Tanzania	TZ	-2.4581	34.8225
SEZ	Victoria	Seychelles	SC	-4.6743	55.5218
SFA	Sfax	Tunisia	TN	34.718	10.691
SFB	Orlando	Florida	US	28.7743	-81.2346
SFC	St-François	Guadeloupe	GP	16.2578	-61.2625
SFG	Grand Case	Saint Martin	MF	18.1001	-63.0474
SFJ	Kangerlussuaq	Greenland	GL	67.0104	-50.7153
SFL	São Filipe	Cape Verde	CV	14.885	-24.48
SFN	Santa Fe	Argentina	AR	-31.7117	-60.8117
SFO	San Francisco	California	US	37.6198	-122.375
SFS	Olongapo	Philippines	PH	14.7948	120.272
SFT	Skellefteå	Sweden	SE	64.6248	21.0769
SGC	Surgut	Russia	RU	61.3405	73.4058
SGD	Sønderborg	Denmark	DK	54.9644	9.7917
SGF	Springfield	Missouri	US	37.245	-93.3886
SGG	Sermiligaaq	Greenland	GL	65.9059	-36.3783
SGN	Ho Chi Minh City	Vietnam	VN	10.8188	106.652
SGO	St George Airport	Australia	AU	-28.0497	148.595
SGU	St George	Utah	US	37.0364	-113.51
SGY	Skagway	Alaska	US	59.4603	-135.317
SHA	Shanghai	China	CN	31.1981	121.334
SHB	Nakashibetsu	Japan	JP	43.5775	144.96
SHC	Shire Inda Selassie	Ethiopia	ET	14.0757	38.2736
SHD	Weyers Cave	Virginia	US	38.2638	-78.8964
SHE	Shenyang	China	CN	41.6398	123.484
SHF	Shihezi	China	CN	44.2421	85.8905
SHG	Shungnak	Alaska	US	66.8881	-157.162
SHH	Shishmaref	Alaska	US	66.2496	-166.089
SHI	Miyakojima	Japan	JP	24.8267	125.145
SHJ	Sharjah	United Arab Emirates	AE	25.3286	55.5172
SHL	Shillong	India	IN	25.7036	91.9787
SHM	Shirahama	Japan	JP	33.6622	135.364
SHO	Mpaka	Eswatini	SZ	-26.3586	31.7169
SHR	Sheridan	Wyoming	US	44.7692	-106.98
SHS	Jingzhou	China	CN	30.2928	112.448
SHV	Shreveport	Louisiana	US	32.4447	-93.8267
SHW	Sharurah	Saudi Arabia	SA	17.4669	47.1214
SHY	Shinyanga	Tanzania	TZ	-3.6093	33.5035
SID	Espargos	Cape Verde	CV	16.7414	-22.9494
SIF	Simara	Nepal	NP	27.1598	84.98
SIG	San Juan	Puerto Rico	PR	18.4568	-66.0981
SIH	Silgadi Doti	Nepal	NP	29.2622	80.936
SIN	Singapore	Singapore	SG	1.3502	103.994
SIS	Sishen	South Africa	ZA	-27.6486	22.9993
SIT	Sitka	Alaska	US	57.0471	-135.362
SJC	San Jose	California	US	37.3625	-121.929
SJD	San José del Cabo	Mexico	MX	23.1519	-109.721
SJE	San José Del Guaviare	Colombia	CO	2.5797	-72.6394
SJI	San Jose	Philippines	PH	12.3615	121.047
SJJ	Sarajevo	Bosnia and Herzegovina	BA	43.8246	18.3315
SJK	São José Dos Campos	Brazil	BR	-23.2292	-45.8615
SJL	São Gabriel da Cachoeira	Brazil	BR	-0.1484	-66.9855
SJO	San José	Costa Rica	CR	9.9939	-84.2088
SJP	São José do Rio Preto	Brazil	BR	-20.8171	-49.407
SJT	San Angelo	Texas	US	31.3577	-100.496
SJU	San Juan	Puerto Rico	PR	18.4394	-66.0018
SJW	Shijiazhuang	China	CN	38.2807	114.697
SJZ	Velas	Portugal	PT	38.6655	-28.1758
SKB	Basseterre	Saint Kitts and Nevis	KN	17.3108	-62.7191
SKD	Samarkand	Uzbekistan	UZ	39.7018	66.9815
SKG	Thessaloniki	Greece	GR	40.5193	22.97
SKH	Surkhet	Nepal	NP	28.586	81.636
SKK	Shaktoolik	Alaska	US	64.3711	-161.224
SKN	Hadsel	Norway	NO	68.5788	15.0334
SKO	Sokoto	Nigeria	NG	12.9157	5.2075
SKP	Ilinden	North Macedonia	MK	41.9581	21.6226
SKT	Sialkot	Pakistan	PK	32.5359	74.3646
SKU	Skiros Island	Greece	GR	38.9676	24.4872
SKX	Saransk	Russia	RU	54.1251	45.2123
SKZ	Sukkur	Pakistan	PK	27.722	68.7917
SLA	Salta	Argentina	AR	-24.856	-65.4862
SLC	Salt Lake City	Utah	US	40.7889	-111.98
SLD	Sliač	Slovakia	SK	48.6378	19.1341
SLE	Salem	Oregon	US	44.9095	-123.003
SLH	Sola	Vanuatu	VU	-13.8517	167.537
SLI	Solwesi	Zambia	ZM	-12.1737	26.3651
SLK	Saranac Lake	New York	US	44.3869	-74.2046
SLL	Salalah	Oman	OM	17.0387	54.0913
SLM	Salamanca	Spain	ES	40.9521	-5.502
SLN	Salina	Kansas	US	38.791	-97.6522
SLP	San Luis Potosí	Mexico	MX	22.262	-100.936
SLQ	Sleetmute	Alaska	US	61.7005	-157.166
SLU	Castries	Saint Lucia	LC	14.0202	-60.9929
SLW	Saltillo	Mexico	MX	25.5379	-100.928
SLX	Salt Cay	Turks and Caicos Islands	TC	21.333	-71.2
SLY	Salekhard	Russia	RU	66.5908	66.611
SLZ	São Luís	Brazil	BR	-2.5864	-44.235
SMA	Vila do Porto	Portugal	PT	36.9714	-25.1706
SMF	Sacramento	California	US	38.6954	-121.591
SMI	Samos Island	Greece	GR	37.69	26.9117
SMK	St Michael	Alaska	US	63.4901	-162.11
SML	Stella Maris	Bahamas	BS	23.5823	-75.2686
SMN	Salmon	Idaho	US	45.1222	-113.882
SMQ	Sampit	Indonesia	ID	-2.4992	112.975
SMR	Santa Marta	Colombia	CO	11.1196	-74.2306
SMS	Vohilava	Madagascar	MG	-17.0939	49.8158
SMT	Sorriso	Brazil	BR	-12.4792	-55.6723
SMW	Smara	Western Sahara (disputed territory)	EH	26.732	-11.6837
SMX	Santa Maria	California	US	34.8989	-120.457
SNA	Santa Ana	California	US	33.6751	-117.869
SNB	Milikapiti	Australia	AU	-11.4177	130.649
SNC	Salinas/La Libertad	Ecuador	EC	-2.2101	-80.9851
SNE	Preguiça	Cape Verde	CV	16.5889	-24.2841
SNN	Shannon	Ireland	IE	52.702	-8.9248
SNO	Sakon Nakhon Airport	Thailand	TH	17.1951	104.119
SNP	St Paul Island	Alaska	US	57.1663	-170.223
SNU	Santa Clara	Cuba	CU	22.4922	-79.9431
SNV	Santa Elena de Uairén	Venezuela	VE	4.5547	-61.1452
SNW	Thandwe	Myanmar	MM	18.4607	94.3001
SNX	Semnan	Iran	IR	35.5911	53.4951
SOB	Sármellék	Hungary	HU	46.6864	17.1591
SOC	Surakarta	Indonesia	ID	-7.516	110.757
SOD	Sorocaba	Brazil	BR	-23.478	-47.49
SOF	Sofia	Bulgaria	BG	42.6964	23.4177
SOG	Sogndal	Norway	NO	61.1561	7.1378
SOJ	Sørkjosen	Norway	NO	69.7868	20.9594
SOM	El Tigre	Venezuela	VE	8.9451	-64.1511
SON	Luganville	Vanuatu	VU	-15.505	167.22
SOQ	Sorong	Indonesia	ID	-0.894	131.287
SOU	Southampton	United Kingdom	GB	50.9503	-1.3568
SOV	Seldovia	Alaska	US	59.443	-151.705
SOW	Show Low	Arizona	US	34.2641	-110.007
SOY	Stronsay	United Kingdom	GB	59.1553	-2.6414
SPB	Charlotte Amalie	U.S. Virgin Islands	VI	18.3382	-64.9397
SPC	Sta Cruz de la Palma, La Palma Island	Spain	ES	28.6265	-17.7556
SPD	Saidpur	Bangladesh	BD	25.7592	88.9089
SPI	Springfield	Illinois	US	39.8441	-89.6779
SPN	I Fadang, Saipan	Northern Mariana Islands	MP	15.1194	145.729
SPP	Menongue	Angola	AO	-14.6576	17.7198
SPR	San Pedro	Belize	BZ	17.9139	-87.9711
SPS	Wichita Falls	Texas	US	33.9888	-98.4919
SPU	Split	Croatia	HR	43.5389	16.298
SPX	Al Jiza	Egypt	EG	30.1082	30.8957
SPY	San Pedro Airport	Côte d'Ivoire	CI	4.7467	-6.6608
SQD	Shangrao	China	CN	28.3797	117.964
SQG	Sintang	Indonesia	ID	-0.0452	111.458
SQJ	Sanming	China	CN	26.4263	117.834
SQL	San Carlos	California	US	37.5131	-122.251
SRA	Santa Rosa	Brazil	BR	-27.9066	-54.5206
SRE	Sucre	Bolivia	BO	-19.2468	-65.1496
SRG	Semarang	Indonesia	ID	-6.9707	110.373
SRK	Siorapaluk	Greenland	GL	77.7865	-70.6387
SRL	Mulegé	Mexico	MX	27.0927	-112.099
SRP	Leirvik	Norway	NO	59.7919	5.3408
SRQ	Sarasota/Bradenton	Florida	US	27.3946	-82.5544
SRT	Soroti	Uganda	UG	1.7277	33.6228
SRV	Stony River	Alaska	US	61.7897	-156.589
SRY	Sari	Iran	IR	36.6444	53.1888
SRZ	Santa Cruz	Bolivia	BO	-17.8116	-63.1715
SSA	Salvador	Brazil	BR	-12.9086	-38.3225
SSB	Christiansted	U.S. Virgin Islands	VI	17.7479	-64.7079
SSG	Malabo	Equatorial Guinea	GQ	3.7553	8.7087
SSH	Sharm El Sheikh	Egypt	EG	27.9773	34.3947
SSJ	Alstahaug	Norway	NO	65.9568	12.4689
SSR	Pentecost Island	Vanuatu	VU	-15.4708	168.152
SST	Santa Teresita	Argentina	AR	-36.5423	-56.7218
SSW	Friday Harbor	Washington	US	48.6734	-123.175
SSY	Mbanza Congo	Angola	AO	-6.2699	14.247
STC	Saint Cloud	Minnesota	US	45.5466	-94.0599
STD	Santo Domingo	Venezuela	VE	7.5654	-72.0351
STG	St George	Alaska	US	56.5773	-169.664
STI	Santiago	Dominican Republic	DO	19.4041	-70.6044
STL	St Louis	Missouri	US	38.7487	-90.37
STM	Santarém	Brazil	BR	-2.4224	-54.7931
STN	London, Essex	United Kingdom	GB	51.885	0.235
STR	Stuttgart	Germany	DE	48.6899	9.222
STS	Santa Rosa	California	US	38.509	-122.813
STT	Charlotte Amalie	U.S. Virgin Islands	VI	18.3371	-64.9773
STV	Surat	India	IN	21.1155	72.7433
STW	Stavropol	Russia	RU	45.1092	42.1128
STX	Christiansted	U.S. Virgin Islands	VI	17.7014	-64.8026
SUB	Surabaya	Indonesia	ID	-7.3798	112.787
SUF	Lamezia Terme	Italy	IT	38.9062	16.246
SUG	Surigao City	Philippines	PH	9.7558	125.481
SUI	Sukhumi	Georgia	GE	42.8582	41.1281
SUJ	Satu Mare	Romania	RO	47.7033	22.8857
SUK	Batagay-Alyta	Russia	RU	67.792	130.394
SUN	Hailey	Idaho	US	43.5044	-114.296
SUR	Summer Beaver	Canada	CA	52.7086	-88.5419
SUV	Nausori	Fiji	FJ	-18.0442	178.561
SUX	Sioux City	Iowa	US	42.3976	-96.3822
SUY	Suntar	Russia	RU	62.185	117.635
SVA	Savoonga	Alaska	US	63.6864	-170.493
SVB	Sambava	Madagascar	MG	-14.2786	50.1747
SVC	Silver City	New Mexico	US	32.6367	-108.155
SVD	Kingstown	Saint Vincent and the Grenadines	VC	13.1597	-61.1488
SVG	Stavanger	Norway	NO	58.8767	5.6378
SVI	San Vicente Del Caguán	Colombia	CO	2.1522	-74.7663
SVJ	Svolvær	Norway	NO	68.2433	14.6692
SVL	Savonlinna	Finland	FI	61.9431	28.9451
SVO	Moscow	Russia	RU	55.9769	37.4112
SVQ	Seville	Spain	ES	37.418	-5.8931
SVR	Savissivik	Greenland	GL	76.0186	-65.1177
SVS	Stevens Village	Alaska	US	66.0167	-149.057
SVU	Savusavu	Fiji	FJ	-16.8034	179.341
SVX	Yekaterinburg	Russia	RU	56.7431	60.8027
SVZ	San Antonio del Tachira	Venezuela	VE	7.8408	-72.4399
SWA	Jieyang	China	CN	23.552	116.503
SWF	Newburgh	New York	US	41.5042	-74.1089
SWL	San Vicente	Philippines	PH	10.5243	119.273
SWO	Stillwater	Oklahoma	US	36.1621	-97.0856
SWQ	Sumbawa Besar	Indonesia	ID	-8.489	117.412
SWX	Shakawe	Botswana	BW	-18.3739	21.8326
SXB	Strasbourg	France	FR	48.5383	7.6282
SXK	Saumlaki-Yamdena Island	Indonesia	ID	-7.8484	131.337
SXM	Sint Maarten	Sint Maarten	SX	18.041	-63.1089
SXP	Nunam Iqua	Alaska	US	62.5206	-164.848
SXR	Srinagar	India	IN	33.9871	74.7742
SYB	Seal Bay	Alaska	US	58.3733	-152.202
SYD	Sydney	Australia	AU	-33.9461	151.177
SYF	Gabriola Island	Canada	CA	49.151	-123.698
SYM	Pu'er	China	CN	22.7933	100.959
SYO	Shonai	Japan	JP	38.8122	139.787
SYQ	San Jose	Costa Rica	CR	9.9571	-84.1398
SYR	Syracuse	New York	US	43.1112	-76.1063
SYS	Saskylakh	Russia	RU	71.9279	114.08
SYU	Sue Islet	Australia	AU	-10.2083	142.825
SYX	Sanya	China	CN	18.3029	109.412
SYY	Stornoway, Western Isles	United Kingdom	GB	58.2156	-6.3311
SYZ	Shiraz	Iran	IR	29.5392	52.5898
SZA	Soyo	Angola	AO	-6.1411	12.3718
SZB	Subang	Malaysia	MY	3.1306	101.549
SZE	Semera	Ethiopia	ET	11.7875	40.9915
SZF	Samsun	Turkey	TR	41.254	36.5675
SZG	Salzburg	Austria	AT	47.7933	13.0043
SZH	Shuozhou	China	CN	39.2732	112.692
SZI	Zaysan	Kazakhstan	KZ	47.4875	84.8877
SZK	Skukuza	South Africa	ZA	-24.9609	31.5886
SZX	Shenzhen	China	CN	22.6395	113.803
SZY	Szymany	Poland	PL	53.4819	20.9377
SZZ	Szczecin	Poland	PL	53.5847	14.9022
TAB	Scarborough	Trinidad and Tobago	TT	11.1496	-60.8313
TAC	Tacloban City	Philippines	PH	11.2278	125.028
TAE	Daegu	South Korea	KR	35.8944	128.657
TAG	Panglao	Philippines	PH	9.573	123.77
TAH	Tanna Island	Vanuatu	VU	-19.4551	169.224
TAI	Taiz	Yemen	YE	13.686	44.1391
TAK	Takamatsu	Japan	JP	34.215	134.016
TAL	Tanana	Alaska	US	65.1744	-152.109
TAM	Ciudad Madero	Mexico	MX	22.2926	-97.8671
TAO	Qingdao	China	CN	36.362	120.088
TAP	Tapachula	Mexico	MX	14.7945	-92.3699
TAS	Tashkent	Uzbekistan	UZ	41.2579	69.2812
TAT	Poprad	Slovakia	SK	49.071	20.2414
TAY	Tartu	Estonia	EE	58.3074	26.6865
TAZ	Daşoguz	Turkmenistan	TM	41.7599	59.8361
TBB	Tuy Hoa	Vietnam	VN	13.0496	109.334
TBG	Tabubil	Papua New Guinea	PG	-5.2805	141.228
TBH	Tablas Island	Philippines	PH	12.311	122.085
TBI	Cat Island	Bahamas	BS	24.3153	-75.4523
TBJ	Tabarka	Tunisia	TN	36.98	8.8769
TBM	Tumbang Samba-Borneo Island	Indonesia	ID	-1.469	113.081
TBN	Fort Leonard Wood	Missouri	US	37.7416	-92.1407
TBO	Tabora	Tanzania	TZ	-5.0764	32.8333
TBP	Tumbes	Peru	PE	-3.5521	-80.3811
TBS	Tbilisi	Georgia	GE	41.6692	44.9547
TBT	Tabatinga	Brazil	BR	-4.2557	-69.9358
TBU	Nuku'alofa	Tonga	TO	-21.2414	-175.149
TBZ	Tabriz	Iran	IR	38.1339	46.235
TCA	Tennant Creek	Australia	AU	-19.6344	134.183
TCB	Treasure Cay	Bahamas	BS	26.7453	-77.3913
TCD	Tarapacá	Colombia	CO	-2.8958	-69.7498
TCG	Tacheng	China	CN	46.6725	83.3408
TCO	Tumaco	Colombia	CO	1.8144	-78.7492
TCP	Taba	Egypt	EG	29.5945	34.7758
TCQ	Tacna	Peru	PE	-18.0533	-70.2758
TCR	Vagaikulam	India	IN	8.7242	78.0258
TCT	Takotna	Alaska	US	62.9932	-156.029
TCZ	Baoshan	China	CN	24.9381	98.4858
TDD	Trinidad	Bolivia	BO	-14.8187	-64.918
TDK	Taldykorgan	Kazakhstan	KZ	45.1225	78.4428
TDS	Sasereme	Papua New Guinea	PG	-7.6217	142.868
TDX	Laem Ngop	Thailand	TH	12.2746	102.319
TEB	Teterboro	New Jersey	US	40.8501	-74.0608
TEE	Tébessi	Algeria	DZ	35.4316	8.1207
TEK	Tatitlek	Alaska	US	60.8714	-146.69
TEN	Tongren	China	CN	27.8833	109.309
TEQ	Çorlu	Turkey	TR	41.1382	27.9191
TER	Praia da Vitória	Portugal	PT	38.7618	-27.0908
TET	Tete	Mozambique	MZ	-16.1048	33.6402
TEX	Telluride	Colorado	US	37.9538	-107.908
TEZ	Tezpur Airport	India	IN	26.7091	92.7847
TFF	Tefé	Brazil	BR	-3.3829	-64.7241
TFI	Tufi	Papua New Guinea	PG	-9.076	149.32
TFN	Tenerife	Spain	ES	28.4828	-16.3417
TFS	Tenerife	Spain	ES	28.0445	-16.5725
TFU	Chengdu	China	CN	30.3125	104.441
TGD	Podgorica	Montenegro	ME	42.3594	19.2519
TGG	Kuala Terengganu	Malaysia	MY	5.3826	103.103
TGH	Tongoa Island	Vanuatu	VU	-16.8911	168.551
TGJ	Tiga	New Caledonia	NC	-21.0964	167.804
TGM	Recea	Romania	RO	46.4677	24.4125
TGO	Tongliao	China	CN	43.5567	122.2
TGQ	Tangará da Serra	Brazil	BR	-14.662	-57.4437
TGR	Touggourt	Algeria	DZ	33.0678	6.0887
TGT	Tanga	Tanzania	TZ	-5.0924	39.0712
TGU	Tegucigalpa	Honduras	HN	14.0609	-87.2172
TGZ	Tuxtla Gutiérrez	Mexico	MX	16.5616	-93.0257
THD	Thanh Hóa	Vietnam	VN	19.9017	105.468
THE	Teresina	Brazil	BR	-5.0602	-42.8237
THG	Biloela	Australia	AU	-24.4949	150.578
THL	Tachileik	Myanmar	MM	20.4838	99.9354
THN	Trollhättan	Sweden	SE	58.3181	12.345
THO	Þórshöfn	Iceland	IS	66.2185	-15.3347
THQ	Tianshui	China	CN	34.5601	105.86
THR	Tehran	Iran	IR	35.6892	51.3144
THS	Sukhothai Airport	Thailand	TH	17.238	99.8182
THX	Turukhansk	Russia	RU	65.7972	87.9353
TIA	Rinas	Albania	AL	41.4147	19.7206
TIE	Tippi	Ethiopia	ET	7.2024	35.415
TIF	Taif	Saudi Arabia	SA	21.4847	40.5441
TIH	Tuherahera	French Polynesia	PF	-15.1196	-148.231
TIJ	Tijuana	Mexico	MX	32.541	-116.97
TIM	Timika	Indonesia	ID	-4.5298	136.887
TIN	Tindouf	Algeria	DZ	27.7004	-8.1671
TIQ	Tinian Island	Northern Mariana Islands	MP	14.9992	145.619
TIR	Tirupati	India	IN	13.632	79.5399
TIU	Timaru Airport	New Zealand	NZ	-44.3028	171.225
TIV	Tivat	Montenegro	ME	42.4047	18.7233
TIW	Tacoma	Washington	US	47.2674	-122.577
TIZ	Tari	Papua New Guinea	PG	-5.845	142.948
TJA	Tarija	Bolivia	BO	-21.5557	-64.7013
TJG	Tanta-Tabalong	Indonesia	ID	-2.2166	115.436
TJH	Toyooka	Japan	JP	35.5128	134.787
TJK	Tokat	Turkey	TR	40.3247	36.3906
TJL	Três Lagoas	Brazil	BR	-20.7526	-51.682
TJM	Tyumen	Russia	RU	57.179	65.3277
TJQ	Tanjung Pandan	Indonesia	ID	-2.7441	107.754
TJS	Tanjung Selor-Borneo Island	Indonesia	ID	2.8381	117.375
TJU	Kulob	Tajikistan	TJ	37.9881	69.805
TKD	Sekondi-Takoradi	Ghana	GH	4.8961	-1.7748
TKE	Tenakee Springs	Alaska	US	57.7797	-135.218
TKF	Truckee	California	US	39.3186	-120.141
TKG	Bandar Lampung	Indonesia	ID	-5.2468	105.183
TKJ	Tok	Alaska	US	63.3295	-142.954
TKK	Weno Island	Micronesia	FM	7.4619	151.843
TKM	Taksimo	Russia	RU	56.3617	114.93
TKN	Amagi	Japan	JP	27.8364	128.881
TKP	Takapoto Airport	French Polynesia	PF	-14.7095	-145.246
TKQ	Kigoma	Tanzania	TZ	-4.8862	29.6709
TKS	Tokushima	Japan	JP	34.1326	134.608
TKU	Turku	Finland	FI	60.5141	22.2628
TKV	Tatakoto	French Polynesia	PF	-17.3552	-138.447
TKX	Takaroa Airport	French Polynesia	PF	-14.4558	-145.025
TLA	Teller	Alaska	US	65.2404	-166.339
TLC	Toluca	Mexico	MX	19.3369	-99.5658
TLE	Toliara	Madagascar	MG	-23.3834	43.7285
TLH	Tallahassee	Florida	US	30.4012	-84.3543
TLI	Toli Toli-Celebes Island	Indonesia	ID	1.1234	120.794
TLL	Tallinn	Estonia	EE	59.4132	24.8326
TLM	Zenata	Algeria	DZ	35.0127	-1.4571
TLN	Hyères, Var	France	FR	43.0973	6.146
TLQ	Turpan	China	CN	43.0308	89.0987
TLS	Toulouse/Blagnac	France	FR	43.6291	1.3638
TLT	Tuluksak	Alaska	US	61.087	-160.923
TLU	Santiago de Tolú	Colombia	CO	9.5094	-75.5854
TLV	Tel Aviv	Israel	IL	32.0114	34.8867
TLY	Plastun	Russia	RU	44.815	136.292
TMC	Radamata	Indonesia	ID	-9.4092	119.243
TME	Tame	Colombia	CO	6.4511	-71.7603
TMF	Thimarafushi	Maldives	MV	2.211	73.1533
TMG	Tomanggong	Malaysia	MY	5.4026	118.658
TMH	Tanah Merah	Indonesia	ID	-6.0967	140.304
TMI	Tumling Tar	Nepal	NP	27.315	87.1933
TMJ	Termez	Uzbekistan	UZ	37.2873	67.3119
TML	Tamale	Ghana	GH	9.5539	-0.8661
TMM	Toamasina	Madagascar	MG	-18.1135	49.3923
TMP	Tampere / Pirkkala	Finland	FI	61.4141	23.6044
TMR	Tamanrasset	Algeria	DZ	22.811	5.4508
TMS	São Tomé	São Tomé and Principe	ST	0.3782	6.7122
TMT	Oriximiná	Brazil	BR	-1.4896	-56.3968
TMW	Tamworth	Australia	AU	-31.0779	150.845
TMX	Timimoun	Algeria	DZ	29.2371	0.276
TNA	Jinan	China	CN	36.8572	117.216
TNC	Tin City	Alaska	US	65.5631	-167.922
TND	Trinidad	Cuba	CU	21.7883	-79.9972
TNE	Tanegashima	Japan	JP	30.6051	130.991
TNG	Tangier	Morocco	MA	35.7317	-5.9215
TNH	Tonghua	China	CN	42.0484	125.734
TNJ	Tanjung Pinang-Bintan Island	Indonesia	ID	0.924	104.533
TNK	Tununak	Alaska	US	60.5696	-165.247
TNN	Tainan	Taiwan	TW	22.9504	120.206
TNR	Antananarivo	Madagascar	MG	-18.7969	47.4788
TOD	Tioman Island	Malaysia	MY	2.8182	104.16
TOE	Tozeur	Tunisia	TN	33.9397	8.1106
TOF	Tomsk	Russia	RU	56.3803	85.2083
TOG	Togiak Village	Alaska	US	59.0528	-160.397
TOL	Toledo	Ohio	US	41.5868	-83.8078
TOM	Timbuktu	Mali	ML	16.7305	-3.0076
TOS	Tromsø	Norway	NO	69.6833	18.9189
TOU	Touho	New Caledonia	NC	-20.7901	165.26
TOW	Toledo	Brazil	BR	-24.6863	-53.6975
TOY	Toyama	Japan	JP	36.6484	137.187
TPA	Tampa	Florida	US	27.9755	-82.5332
TPE	Taoyuan	Taiwan	TW	25.0777	121.233
TPI	Tapini	Papua New Guinea	PG	-8.3567	146.989
TPJ	Taplejung	Nepal	NP	27.3509	87.6953
TPP	Tarapoto	Peru	PE	-6.5087	-76.3732
TPQ	Tepic	Mexico	MX	21.4198	-104.843
TPS	Trapani	Italy	IT	37.9114	12.488
TQA	Tasiusaq	Greenland	GL	73.3731	-56.0603
TQI	Tiniteqilaaq	Greenland	GL	65.892	-37.7834
TQO	Tulum	Mexico	MX	20.1721	-87.6603
TQR	Tremiti Islands	Italy	IT	42.1178	15.4907
TRA	Tarama	Japan	JP	24.6538	124.675
TRC	Torreón	Mexico	MX	25.5623	-103.405
TRD	Trondheim	Norway	NO	63.4578	10.924
TRE	Balemartine, Argyll and Bute	United Kingdom	GB	56.4992	-6.8692
TRF	Sandefjord	Norway	NO	59.1867	10.2586
TRG	Tauranga	New Zealand	NZ	-37.6719	176.196
TRI	Blountville	Tennessee	US	36.4752	-82.4074
TRK	Tarakan	Indonesia	ID	3.3251	117.564
TRN	Caselle Torinese	Italy	IT	45.2008	7.6496
TRR	Trincomalee	Sri Lanka	LK	8.5392	81.1813
TRS	Ronchi dei Legionari/Trieste	Italy	IT	45.8279	13.4667
TRT	Toraja	Indonesia	ID	-3.1844	119.919
TRU	Trujillo	Peru	PE	-8.0824	-79.1088
TRV	Thiruvananthapuram	India	IN	8.4819	76.92
TRW	South Tarawa	Kiribati	KI	1.3816	173.147
TRZ	Tiruchirappalli	India	IN	10.7629	78.7177
TSA	Taipei	Taiwan	TW	25.0672	121.553
TSF	Treviso	Italy	IT	45.6484	12.1944
TSJ	Tsushima	Japan	JP	34.2849	129.331
TSM	Taos	New Mexico	US	36.4525	-105.677
TSN	Tianjin	China	CN	39.1244	117.346
TSR	Timişoara	Romania	RO	45.8099	21.3379
TSS	New York	New York	US	40.7424	-73.9721
TST	Trang	Thailand	TH	7.5087	99.6166
TSV	Townsville	Australia	AU	-19.2529	146.767
TTA	Tan Tan	Morocco	MA	28.4476	-11.1617
TTE	Ternate	Indonesia	ID	0.831	127.382
TTJ	Tottori	Japan	JP	35.5301	134.165
TTN	Ewing Township	New Jersey	US	40.2767	-74.8135
TTS	Tsaratanana	Madagascar	MG	-16.7511	47.619
TTT	Taitung City	Taiwan	TW	22.7549	121.102
TTU	Tétouan	Morocco	MA	35.5943	-5.32
TTW	Tissamaharama	Sri Lanka	LK	6.2876	81.2906
TUA	Tulcán	Ecuador	EC	0.8095	-77.7081
TUB	Tubuai Airport	French Polynesia	PF	-23.3654	-149.524
TUC	San Miguel de Tucumán	Argentina	AR	-26.8374	-65.1042
TUF	Tours, Indre-et-Loire	France	FR	47.4322	0.7276
TUG	Tuguegarao City	Philippines	PH	17.6434	121.733
TUI	Turaif	Saudi Arabia	SA	31.6922	38.7315
TUK	Turbat	Pakistan	PK	25.9848	63.0289
TUL	Tulsa	Oklahoma	US	36.1971	-95.8862
TUN	Tunis	Tunisia	TN	36.851	10.2272
TUO	Taupo	New Zealand	NZ	-38.7397	176.084
TUP	Tupelo	Mississippi	US	34.2681	-88.7699
TUR	Tucuruí	Brazil	BR	-3.786	-49.7203
TUS	Tucson	Arizona	US	32.115	-110.938
TUU	Tabuk	Saudi Arabia	SA	28.3711	36.6249
TVC	Traverse City	Michigan	US	44.7414	-85.5822
TVF	Thief River Falls	Minnesota	US	48.0657	-96.185
TVS	Tangshan	China	CN	39.7178	118.003
TVT	Tashkent	Uzbekistan	UZ	41.3129	69.3955
TVU	Matei	Fiji	FJ	-16.6906	-179.877
TVY	Dawei	Myanmar	MM	14.1039	98.2036
TWA	Twin Hills	Alaska	US	59.0747	-160.275
TWC	Tumxuk	China	CN	39.8867	79.2334
TWF	Twin Falls	Idaho	US	42.4818	-114.488
TWT	Bongao	Philippines	PH	5.0482	119.743
TWU	Tawau	Malaysia	MY	4.3134	118.121
TXE	Takengon	Indonesia	ID	4.7211	96.8519
TXK	Texarkana	Arkansas	US	33.4537	-93.991
TXN	Huangshan	China	CN	29.7333	118.256
TYF	Torsby	Sweden	SE	60.1576	12.9913
TYL	Talara	Peru	PE	-4.5766	-81.2541
TYN	Taiyuan	China	CN	37.7469	112.628
TYR	Tyler	Texas	US	32.3541	-95.4024
TYS	Knoxville/Maryville	Tennessee	US	35.811	-83.994
TZA	Belize City	Belize	BZ	17.5172	-88.1958
TZL	Dubrave Gornje	Bosnia and Herzegovina	BA	44.4599	18.7236
TZN	Andros	Bahamas	BS	24.1587	-77.5898
TZX	Trabzon	Turkey	TR	40.9951	39.7897
UAH	Ua Huka	French Polynesia	PF	-8.9362	-139.554
UAI	Suai	Timor-Leste	TL	-9.3019	125.286
UAK	Narsarsuaq	Greenland	GL	61.1596	-45.4247
UAP	Ua Pou	French Polynesia	PF	-9.3517	-140.078
UAQ	San Juan	Argentina	AR	-31.5715	-68.4182
UAR	Bouarfa	Morocco	MA	32.5143	-1.9831
UBA	Uberaba	Brazil	BR	-19.765	-47.9648
UBB	Mabuiag Island	Australia	AU	-9.9502	142.195
UBJ	Ube	Japan	JP	33.93	131.279
UBN	Ulaanbaatar	Mongolia	MN	47.6469	106.82
UBP	Ubon Ratchathani	Thailand	TH	15.2513	104.87
UCB	Ulanqab	China	CN	41.1303	113.107
UCT	Ukhta	Russia	RU	63.5669	53.8047
UDI	Uberlândia	Brazil	BR	-18.8836	-48.2259
UDR	Udaipur	India	IN	24.6177	73.8961
UEL	Quelimane	Mozambique	MZ	-17.8555	36.8691
UEO	Kumejima	Japan	JP	26.3634	126.714
UET	Quetta	Pakistan	PK	30.2514	66.9378
UFA	Ufa	Russia	RU	54.5575	55.8744
UGA	Bulgan	Mongolia	MN	48.855	103.476
UGC	Urgench	Uzbekistan	UZ	41.5827	60.6434
UGI	San Juan	Alaska	US	57.7304	-153.321
UGU	Bilogai	Indonesia	ID	-3.7395	137.031
UIB	Quibdó	Colombia	CO	5.6908	-76.6412
UIH	Quy Nohn	Vietnam	VN	13.955	109.042
UII	Utila Island	Honduras	HN	16.1131	-86.8803
UIN	Quincy	Illinois	US	39.9427	-91.1946
UIO	Quito	Ecuador	EC	-0.1254	-78.3543
UIT	Jabor Jaluit Atoll	Marshall Islands	MH	5.9092	169.637
UJE	Ujae Atoll	Marshall Islands	MH	8.9281	165.762
UKB	Kobe	Japan	JP	34.6328	135.224
UKE	Bhawanipatna	India	IN	20.0978	83.1833
UKG	Ust-Kuyga	Russia	RU	70.011	135.645
UKK	Ust-Kamenogorsk	Kazakhstan	KZ	50.035	82.4961
UKX	Ust-Kut	Russia	RU	56.8567	105.73
ULG	Ölgii	Mongolia	MN	48.9933	89.9225
ULH	Al-Ula	Saudi Arabia	SA	26.4836	38.117
ULK	Lensk	Russia	RU	60.7236	114.825
ULO	Ulaangom	Mongolia	MN	50.0666	91.9383
ULP	Quilpie Airport	Australia	AU	-26.6092	144.254
ULU	Gulu	Uganda	UG	2.8056	32.2718
ULV	Ulyanovsk	Russia	RU	54.2702	48.2256
ULY	Cherdakly	Russia	RU	54.401	48.8027
ULZ	Uliastai	Mongolia	MN	47.7093	96.5258
UMD	Uummannaq	Greenland	GL	70.6804	-52.1116
UME	Umeå	Sweden	SE	63.7918	20.2828
UMS	Ust-Maya	Russia	RU	60.3574	134.437
UMU	Umuarama	Brazil	BR	-23.7987	-53.3138
UNA	Una	Brazil	BR	-15.3544	-38.9987
UNG	Kiunga	Papua New Guinea	PG	-6.1257	141.282
UNI	Union Island	Saint Vincent and the Grenadines	VC	12.6001	-61.4119
UNK	Unalakleet	Alaska	US	63.8884	-160.799
UNN	Ranong	Thailand	TH	9.7776	98.5855
UOL	Buol	Indonesia	ID	1.1023	121.413
UPG	Makassar	Indonesia	ID	-5.0755	119.554
UPN	Uruapan	Mexico	MX	19.3967	-102.039
URA	Uralsk	Kazakhstan	KZ	51.152	51.5437
URC	Ürümqi	China	CN	43.9136	87.4794
URE	Kuressaare	Estonia	EE	58.2299	22.5095
URG	Uruguaiana	Brazil	BR	-29.7822	-57.0382
URJ	Uray	Russia	RU	60.1033	64.8267
URT	Surat Thani	Thailand	TH	9.1326	99.1356
URY	Gurayat	Saudi Arabia	SA	31.4124	37.2789
USA	Concord	North Carolina	US	35.3878	-80.7091
USH	Ushuaia	Argentina	AR	-54.8433	-68.2958
USJ	Usharal	Kazakhstan	KZ	46.1908	80.8309
USK	Usinsk	Russia	RU	66.0047	57.3672
USM	Na Thon	Thailand	TH	9.5478	100.062
USN	Ulsan	South Korea	KR	35.5935	129.352
USR	Ust-Nera	Russia	RU	64.55	143.115
UST	St Augustine	Florida	US	29.9592	-81.3398
USU	Coron	Philippines	PH	12.1219	120.101
UTH	Udon Thani	Thailand	TH	17.3862	102.789
UTK	Utirik Island	Marshall Islands	MH	11.2222	169.851
UTN	Upington	South Africa	ZA	-28.4002	21.2636
UTO	Utopia Creek	Alaska	US	65.9928	-153.704
UTP	Rayong	Thailand	TH	12.6799	101.005
UTT	Mthatha	South Africa	ZA	-31.5464	28.6734
UUA	Bugulma	Russia	RU	54.6412	52.8002
UUD	Ulan Ude	Russia	RU	51.8086	107.44
UUS	Yuzhno-Sakhalinsk	Russia	RU	46.8855	142.718
UVE	Ouvéa	New Caledonia	NC	-20.6409	166.573
UVF	Vieux Fort	Saint Lucia	LC	13.7332	-60.9526
UVI	União da Vitória	Brazil	BR	-26.2332	-51.0668
UYL	Nyala	Sudan	SD	12.0535	24.9562
UYN	Yulin	China	CN	38.3597	109.591
UYU	Quijarro	Bolivia	BO	-20.4413	-66.8576
UZR	Urzhar	Kazakhstan	KZ	47.0918	81.6682
VAA	Vaasa	Finland	FI	63.0502	21.7625
VAI	Vanimo	Papua New Guinea	PG	-2.6926	141.303
VAK	Chevak	Alaska	US	61.5409	-165.601
VAL	Valença	Brazil	BR	-13.2965	-38.9924
VAM	Maamigili	Maldives	MV	3.4718	72.8326
VAN	Van	Turkey	TR	38.4682	43.3323
VAO	Suavanao	Solomon Islands	SB	-7.5856	158.731
VAQ	Vanavara	Russia	RU	60.3562	102.31
VAR	Varna	Bulgaria	BG	43.2321	27.8251
VAS	Sivas	Turkey	TR	39.8138	36.9035
VAV	Vava'u Island	Tonga	TO	-18.5853	-173.962
VAW	Vardø	Norway	NO	70.3554	31.0449
VBS	Montichiari	Italy	IT	45.4289	10.3306
VBV	Vanua Balavu	Fiji	FJ	-17.269	-178.976
VBY	Visby	Sweden	SE	57.6628	18.3462
VCA	Can Tho	Vietnam	VN	10.0834	105.709
VCE	Venezia	Italy	IT	45.5053	12.3519
VCL	Tam Nghĩa	Vietnam	VN	15.4033	108.706
VCP	Campinas	Brazil	BR	-23.0074	-47.1345
VCS	Con Dao	Vietnam	VN	8.7318	106.633
VCT	Victoria	Texas	US	28.8526	-96.9185
VDC	Vitória da Conquista	Brazil	BR	-14.9079	-40.9148
VDE	El Hierro Island	Spain	ES	27.8148	-17.8871
VDH	Dong Hoi	Vietnam	VN	17.515	106.591
VDM	Viedma / Carmen de Patagones	Argentina	AR	-40.8692	-63.0004
VDO	Van Don	Vietnam	VN	21.1207	107.415
VDS	Vadsø	Norway	NO	70.0653	29.8447
VDZ	Valdez	Alaska	US	61.1327	-146.247
VEE	Venetie	Alaska	US	67.0087	-146.366
VEL	Vernal	Utah	US	40.4362	-109.512
VEO	Severo-Yeniseysk	Russia	RU	60.3733	93.0117
VER	Veracruz	Mexico	MX	19.1396	-96.1886
VFA	Victoria Falls	Zimbabwe	ZW	-18.0974	25.8369
VGA	Vijayawada	India	IN	16.53	80.8049
VGO	Vigo	Spain	ES	42.2318	-8.6268
VHM	Vilhelmina	Sweden	SE	64.5791	16.8336
VHV	Verkhnevilyuisk	Russia	RU	63.4581	120.269
VIE	Vienna	Austria	AT	48.1103	16.5697
VIG	El Vigía	Venezuela	VE	8.6241	-71.6727
VII	Vinh	Vietnam	VN	18.7376	105.671
VIJ	Spanish Town	British Virgin Islands	VG	18.4466	-64.4279
VIL	Dakhla	Western Sahara (disputed territory)	EH	23.7183	-15.932
VIT	Alava	Spain	ES	42.8828	-2.7245
VIX	Vitória	Brazil	BR	-20.258	-40.285
VJB	Xai-Xai	Mozambique	MZ	-24.8929	33.753
VKG	Rach Gia	Vietnam	VN	9.958	105.132
VKO	Moscow	Russia	RU	55.5915	37.2615
VKT	Vorkuta	Russia	RU	67.4886	63.9931
VLC	Valencia	Spain	ES	39.4892	-0.481
VLD	Valdosta	Georgia	US	30.7825	-83.2767
VLI	Port Vila	Vanuatu	VU	-17.6993	168.32
VLL	Valladolid	Spain	ES	41.7061	-4.8519
VLN	Valencia	Venezuela	VE	10.1497	-67.9284
VLS	Epi Island	Vanuatu	VU	-16.7961	168.177
VLV	Valera	Venezuela	VE	9.3405	-70.5841
VMU	Baimuru	Papua New Guinea	PG	-7.497	144.822
VNO	Vilnius	Lithuania	LT	54.6341	25.2858
VNS	Varanasi	India	IN	25.4522	82.8625
VNX	Vilanculo	Mozambique	MZ	-22.0184	35.3133
VOG	Volgograd	Russia	RU	48.7813	44.3392
VOL	Nea Anchialos	Greece	GR	39.2196	22.7943
VOZ	Voronezh	Russia	RU	51.8143	39.2309
VPE	Ngiva	Angola	AO	-17.0435	15.6838
VPN	Vopnafjörður	Iceland	IS	65.7206	-14.8506
VPS	Valparaiso	Florida	US	30.4813	-86.5158
VPY	Chimoio	Mozambique	MZ	-19.1513	33.429
VQS	Vieques	Puerto Rico	PR	18.1348	-65.4936
VRA	Matanzas	Cuba	CU	23.0344	-81.4353
VRB	Vero Beach	Florida	US	27.6556	-80.4179
VRC	Virac	Philippines	PH	13.5764	124.206
VRL	Vila Real	Portugal	PT	41.2743	-7.7205
VRN	Caselle	Italy	IT	45.395	10.8873
VRY	Værøy	Norway	NO	67.6546	12.7273
VSA	Villahermosa	Mexico	MX	17.9943	-92.8182
VSE	Viseu	Portugal	PT	40.7255	-7.889
VST	Stockholm / Västerås	Sweden	SE	59.5894	16.6336
VSV	Shravasti	India	IN	27.4997	82.0329
VTE	Vientiane	Laos	LA	17.9851	102.567
VTU	Las Tunas	Cuba	CU	20.9876	-76.9358
VTZ	Visakhapatnam	India	IN	17.9715	83.5036
VUP	Valledupar	Colombia	CO	10.435	-73.2495
VUS	Velikiy Ustyug	Russia	RU	60.7883	46.26
VVC	Villavicencio	Colombia	CO	4.1679	-73.6138
VVI	Santa Cruz	Bolivia	BO	-17.6448	-63.1354
VVO	Artyom	Russia	RU	43.3963	132.148
VVZ	Illizi	Algeria	DZ	26.7235	8.6227
VXC	Lichinga	Mozambique	MZ	-13.274	35.2663
VXE	São Pedro	Cape Verde	CV	16.8334	-25.0553
VXO	Växjö	Sweden	SE	56.9291	14.728
VYI	Vilyuisk	Russia	RU	63.7567	121.693
WAA	Wales	Alaska	US	65.6226	-168.095
WAE	Wadi Al Dawasir	Saudi Arabia	SA	20.5043	45.1996
WAG	Wanganui	New Zealand	NZ	-39.9635	175.024
WAW	Warsaw	Poland	PL	52.1657	20.9671
WBB	Stebbins	Alaska	US	63.516	-162.278
WBM	Wapenamanda	Papua New Guinea	PG	-5.6353	143.892
WBQ	Beaver	Alaska	US	66.3622	-147.407
WDH	Windhoek	Namibia	NA	-22.4799	17.4709
WDN	Eastsound	Washington	US	48.7114	-123.018
WDS	Shiyan	China	CN	32.5929	110.906
WEF	Weifang	China	CN	36.6467	119.119
WEH	Weihai	China	CN	37.1871	122.229
WEI	Weipa	Australia	AU	-12.6775	141.923
WFB	Ketchikan	Alaska	US	55.3499	-131.677
WGA	Forest Hill	Australia	AU	-35.1635	147.468
WGE	Walgett Airport	Australia	AU	-30.0328	148.126
WGN	Shaoyang	China	CN	26.8061	110.641
WGP	Waingapu-Sumba Island	Indonesia	ID	-9.6692	120.302
WHA	Wuhu	China	CN	31.1045	118.667
WHD	Hyder	Alaska	US	55.9033	-130.01
WHK	Whakatāne	New Zealand	NZ	-37.9222	176.917
WIC	Wick	United Kingdom	GB	58.4589	-3.0931
WIL	Nairobi	Kenya	KE	-1.3217	36.8148
WIN	Winton Airport	Australia	AU	-22.3636	143.086
WJR	Wajir	Kenya	KE	1.7332	40.0916
WJU	Wonju	South Korea	KR	37.4371	127.96
WKA	Wanaka	New Zealand	NZ	-44.7221	169.246
WKJ	Wakkanai	Japan	JP	45.4042	141.801
WKK	Aleknagik	Alaska	US	59.2826	-158.618
WLG	Wellington	New Zealand	NZ	-41.3268	174.807
WLH	Walaha	Vanuatu	VU	-15.412	167.691
WLK	Selawik	Alaska	US	66.6001	-159.986
WLS	Wallis Island	Wallis and Futuna	WF	-13.2394	-176.199
WMI	Nowy Dwór Mazowiecki	Poland	PL	52.4511	20.6518
WMN	Maroantsetra	Madagascar	MG	-15.4377	49.6891
WMO	White Mountain	Alaska	US	64.6892	-163.413
WMT	Zunyi	China	CN	27.9618	106.435
WMX	Wamena	Indonesia	ID	-4.0973	138.952
WNA	Napakiak	Alaska	US	60.6903	-161.979
WNH	Wenshan	China	CN	23.5583	104.326
WNI	Wangi-wangi Island	Indonesia	ID	-5.2921	123.636
WNN	Wunnumin Lake	Canada	CA	52.8939	-89.2892
WNP	Naga	Philippines	PH	13.5849	123.27
WNR	Windorah	Australia	AU	-25.4106	142.668
WNS	Nawabashah	Pakistan	PK	26.2194	68.3901
WNZ	Wenzhou	China	CN	27.9106	120.853
WOS	Wonsan	North Korea	KP	39.1652	127.488
WPL	Powell River	Canada	CA	49.8873	-124.534
WRE	Whangarei	New Zealand	NZ	-35.7693	174.364
WRG	Wrangell	Alaska	US	56.4843	-132.37
WRO	Wrocław	Poland	PL	51.1037	16.8821
WRY	Westray, Orkney Islands	United Kingdom	GB	59.3505	-2.9501
WSK	Wushan	China	CN	31.069	109.709
WSN	South Naknek	Alaska	US	58.7024	-157.005
WST	Westerly	Rhode Island	US	41.3496	-71.8034
WSX	West Sound	Washington	US	48.6179	-122.957
WSZ	Westport	New Zealand	NZ	-41.7371	171.579
WTA	Tambohorano	Madagascar	MG	-17.4761	43.9728
WTB	Toowoomba	Australia	AU	-27.5583	151.793
WTE	Wotje	Marshall Islands	MH	9.4583	170.239
WTK	Noatak	Alaska	US	67.5612	-162.981
WTL	Tuntutuliak	Alaska	US	60.3512	-162.655
WTO	Wotho Island	Marshall Islands	MH	10.1733	166.003
WUA	Wuhai	China	CN	39.7934	106.799
WUH	Wuhan	China	CN	30.7748	114.214
WUN	Wiluna Airport	Australia	AU	-26.6327	120.222
WUS	Wuyishan	China	CN	27.7019	118.001
WUT	Xinzhou	China	CN	38.5975	112.969
WUU	Wau	South Sudan	SS	7.7258	27.975
WUX	Wuxi	China	CN	31.497	120.43
WUZ	Tangbu	China	CN	23.4032	111.093
WVB	Walvis Bay	Namibia	NA	-22.9793	14.6471
WWK	Wewak	Papua New Guinea	PG	-3.5838	143.669
WWP	Whale Pass	Alaska	US	56.1163	-133.122
WWT	Mertarvik	Alaska	US	60.8104	-164.5
WXN	Wanzhou	China	CN	30.8017	108.433
WYA	Whyalla	Australia	AU	-33.0589	137.514
WYS	West Yellowstone	Montana	US	44.6884	-111.118
XAI	Xinyang	China	CN	32.5408	114.079
XAP	Chapecó	Brazil	BR	-27.1342	-52.6566
XBE	Bearskin Lake	Canada	CA	53.9656	-91.0272
XBJ	Birjand	Iran	IR	32.8965	59.2813
XCH	Flying Fish Cove	Christmas Island	CX	-10.4504	105.691
XCR	Chalons en Champagne	France	FR	48.7733	4.2061
XEQ	Tasiusak	Greenland	GL	60.1943	-44.8134
XFN	Xiangyang	China	CN	32.1522	112.292
XGR	Kangiqsualujjuaq	Canada	CA	58.7114	-65.9928
XIC	Liangshan	China	CN	27.9891	102.184
XIL	Xilinhot	China	CN	43.9156	115.964
XIQ	Ilimanaq	Greenland	GL	69.0809	-51.1143
XIY	Xi'an	China	CN	34.4422	108.762
XKH	Xieng Khouang	Laos	LA	19.45	103.158
XKS	Kasabonika	Canada	CA	53.5247	-88.6428
XLB	Lac Brochet	Canada	CA	58.6143	-101.469
XMH	Manihi Airport	French Polynesia	PF	-14.4368	-146.07
XMN	Xiamen	China	CN	24.5439	118.127
XMS	Macas	Ecuador	EC	-2.2992	-78.1208
XMY	Yam Island	Australia	AU	-9.8992	142.774
XNA	Fayetteville/Springdale/Rogers	Arkansas	US	36.2819	-94.3068
XNN	Haidong	China	CN	36.5277	102.04
XPK	Pukatawagan	Canada	CA	55.7492	-101.266
XPL	Palmerola	Honduras	HN	14.3824	-87.6212
XQP	Quepos	Costa Rica	CR	9.4432	-84.1298
XQU	Qualicum Beach	Canada	CA	49.3375	-124.393
XRY	Jerez de la Frontera	Spain	ES	36.7446	-6.0601
XSC	South Caicos	Turks and Caicos Islands	TC	21.5157	-71.5285
XSI	South Indian Lake	Canada	CA	56.7928	-98.9072
XSP	Seletar	Singapore	SG	1.4156	103.867
XTG	Thargomindah	Australia	AU	-27.9864	143.812
XTL	Tadoule Lake	Canada	CA	58.7063	-98.5111
XUZ	Xuzhou	China	CN	34.0591	117.555
XWA	Williston	North Dakota	US	48.2609	-103.751
XYA	Yandina	Solomon Islands	SB	-9.0928	159.218
YAA	Anahim Lake	Canada	CA	52.4515	-125.304
YAB	Arctic Bay	Canada	CA	73.0061	-85.0462
YAC	Cat Lake	Canada	CA	51.7272	-91.8244
YAG	Fort Frances	Canada	CA	48.6557	-93.4435
YAJ	Saturna Island	Canada	CA	48.7953	-123.182
YAK	Yakutat	Alaska	US	59.5087	-139.66
YAL	Alert Bay	Canada	CA	50.5822	-126.916
YAM	Sault Ste Marie	Canada	CA	46.4832	-84.5085
YAP	Yap Island	Micronesia	FM	9.4989	138.083
YAQ	Maple Bay	Canada	CA	48.8167	-123.608
YAS	Yasawa Island	Fiji	FJ	-16.7589	177.545
YAT	Attawapiskat	Canada	CA	52.9275	-82.4319
YAV	Miners Bay	Canada	CA	48.8522	-123.302
YAX	Angling Lake	Canada	CA	53.8492	-89.5794
YAY	St. Anthony	Canada	CA	51.3919	-56.0832
YAZ	Tofino	Canada	CA	49.0798	-125.776
YBB	Kugaaruk	Canada	CA	68.5357	-89.8055
YBC	Baie-Comeau	Canada	CA	49.1325	-68.2044
YBE	Uranium City	Canada	CA	59.5614	-108.481
YBF	Bamfield	Canada	CA	48.836	-125.138
YBG	Saguenay	Canada	CA	48.3301	-70.992
YBI	Black Tickle	Canada	CA	53.4698	-55.7875
YBK	Baker Lake	Canada	CA	64.2989	-96.0778
YBL	Campbell River	Canada	CA	49.9508	-125.271
YBP	Yibin	China	CN	28.8584	104.526
YBQ	Thetis Island	Canada	CA	48.97	-123.664
YBR	Brandon	Canada	CA	49.91	-99.9519
YBT	Brochet	Canada	CA	57.8894	-101.679
YBV	Berens River	Canada	CA	52.3589	-97.0183
YBW	Bedwell Harbour	Canada	CA	48.75	-123.233
YBX	Blanc-Sablon	Canada	CA	51.4436	-57.1853
YBY	Bonnyville	Canada	CA	54.3042	-110.744
YCB	Cambridge Bay	Canada	CA	69.1081	-105.138
YCD	Nanaimo	Canada	CA	49.055	-123.87
YCG	Castlegar	Canada	CA	49.2964	-117.632
YCK	Colville Lake	Canada	CA	67.0202	-126.128
YCM	Niagara-on-the-Lake	Canada	CA	43.1916	-79.1717
YCO	Kugluktuk	Canada	CA	67.8164	-115.143
YCR	Cross Lake	Canada	CA	54.6098	-97.7624
YCS	Chesterfield Inlet	Canada	CA	63.3469	-90.7311
YCU	Yuncheng	China	CN	35.1178	111.034
YCY	Clyde River	Canada	CA	70.4861	-68.5167
YDA	Dawson City	Canada	CA	64.0431	-139.128
YDF	Deer Lake	Canada	CA	49.2082	-57.3961
YDL	Dease Lake	Canada	CA	58.4222	-130.032
YDN	Dauphin	Canada	CA	51.1008	-100.052
YDP	Nain	Canada	CA	56.5508	-61.6822
YDV	Bloodvein River	Canada	CA	51.7846	-96.6923
YEG	Edmonton	Canada	CA	53.3097	-113.58
YEI	Yenişehir	Turkey	TR	40.2552	29.5626
YEK	Arviat	Canada	CA	61.0942	-94.0708
YER	Fort Severn	Canada	CA	56.0189	-87.6761
YEV	Inuvik	Canada	CA	68.3042	-133.483
YFA	Fort Albany	Canada	CA	52.2035	-81.6952
YFB	Iqaluit	Canada	CA	63.7564	-68.5558
YFC	Fredericton	Canada	CA	45.8687	-66.5299
YFH	Fort Hope	Canada	CA	51.5619	-87.9078
YFJ	Wekweètì	Canada	CA	64.1908	-114.077
YFO	Flin Flon	Canada	CA	54.6781	-101.682
YFS	Fort Simpson	Canada	CA	61.7602	-121.237
YFX	St. Lewis	Canada	CA	52.3728	-55.6739
YGG	Salt Spring Island	Canada	CA	48.8545	-123.497
YGH	Fort Good Hope	Canada	CA	66.2407	-128.648
YGJ	Yonago	Japan	JP	35.4922	133.236
YGL	La Grande Rivière	Canada	CA	53.6253	-77.7042
YGN	Broughton Island	Canada	CA	50.839	-126.775
YGO	Gods Lake Narrows	Canada	CA	54.5577	-94.4901
YGP	Gaspé	Canada	CA	48.7749	-64.4819
YGR	Les Îles-de-la-Madeleine	Canada	CA	47.4252	-61.7786
YGT	Igloolik	Canada	CA	69.3647	-81.8161
YGV	Havre-Saint-Pierre	Canada	CA	50.2819	-63.6114
YGW	Kuujjuarapik	Canada	CA	55.2819	-77.7653
YGX	Gillam	Canada	CA	56.3571	-94.7115
YGZ	Grise Fiord	Canada	CA	76.4258	-82.9086
YHA	Port Hope Simpson	Canada	CA	52.5281	-56.2861
YHG	Charlottetown	Canada	CA	52.7658	-56.1124
YHH	Campbell River	Canada	CA	50.05	-125.25
YHI	Ulukhaktok	Canada	CA	70.7628	-117.806
YHK	Gjoa Haven	Canada	CA	68.6356	-95.8497
YHM	Hamilton	Canada	CA	43.1713	-79.9294
YHO	Hopedale	Canada	CA	55.4488	-60.2281
YHP	Poplar Hill	Canada	CA	52.1133	-94.2556
YHR	Chevery	Canada	CA	50.4683	-59.6378
YHU	Montréal	Canada	CA	45.5175	-73.4169
YHY	Hay River	Canada	CA	60.8397	-115.783
YHZ	Halifax	Canada	CA	44.8808	-63.5086
YIA	Yogyakarta	Indonesia	ID	-7.9053	110.057
YIC	Yichun	China	CN	27.8025	114.306
YIE	Arxan	China	CN	47.3106	119.912
YIF	St-Augustin	Canada	CA	51.2117	-58.6583
YIG	Stuart Island	Canada	CA	50.3923	-125.137
YIH	Yichang	China	CN	30.5541	111.483
YIK	Ivujivik	Canada	CA	62.4173	-77.9253
YIN	Ili	China	CN	43.9558	81.3303
YIO	Pond Inlet	Canada	CA	72.6895	-77.9689
YIV	Island Lake	Canada	CA	53.8572	-94.6536
YIW	Yiwu/Jinhua	China	CN	29.3421	120.031
YKA	Kamloops	Canada	CA	50.703	-120.449
YKF	Breslau	Canada	CA	43.4608	-80.3786
YKG	Kangirsuk	Canada	CA	60.0272	-69.9992
YKH	Yingkou	China	CN	40.5425	122.359
YKL	Schefferville	Canada	CA	54.8053	-66.8053
YKM	Yakima	Washington	US	46.5682	-120.544
YKO	Hakkari	Turkey	TR	37.5497	44.2381
YKQ	Waskaganish	Canada	CA	51.4733	-78.7583
YKS	Yakutsk	Russia	RU	62.0933	129.771
YKU	Chisasibi	Canada	CA	53.8056	-78.9169
YLC	Kimmirut	Canada	CA	62.8483	-69.8779
YLE	Whatì	Canada	CA	63.1317	-117.246
YLH	Lansdowne House	Canada	CA	52.1956	-87.9342
YLK	Barrie	Canada	CA	44.4851	-79.5547
YLL	Lloydminster	Canada	CA	53.3092	-110.073
YLW	Kelowna	Canada	CA	49.9561	-119.378
YLX	Yulin	China	CN	22.433	110.12
YMF	Galiano Island	Canada	CA	48.8922	-123.392
YMH	Mary's Harbour	Canada	CA	52.3028	-55.8474
YMM	Fort McMurray	Canada	CA	56.6533	-111.222
YMN	Makkovik	Canada	CA	55.0773	-59.1879
YMO	Moosonee	Canada	CA	51.2911	-80.6078
YMP	Port McNeill	Canada	CA	50.5735	-127.028
YMS	Yurimaguas	Peru	PE	-5.8938	-76.1182
YMT	Chibougamau	Canada	CA	49.7719	-74.5281
YMX	Montréal	Canada	CA	45.6795	-74.0387
YNA	Natashquan	Canada	CA	50.1901	-61.789
YNB	Yanbu	Saudi Arabia	SA	24.1442	38.0634
YNC	Wemindji	Canada	CA	53.0106	-78.8311
YND	Gatineau	Canada	CA	45.5217	-75.5636
YNE	Norway House	Canada	CA	53.9583	-97.8442
YNJ	Yanji	China	CN	42.8828	129.451
YNL	Points North Landing	Canada	CA	58.2767	-104.082
YNO	North Spirit Lake	Canada	CA	52.49	-92.9711
YNP	Natuashish	Canada	CA	55.9139	-61.1844
YNS	Nemiscau	Canada	CA	51.6911	-76.1356
YNT	Yantai	China	CN	37.6597	120.978
YNY	Gonghang-ro	South Korea	KR	38.0605	128.67
YNZ	Yancheng	China	CN	33.4283	120.205
YOC	Old Crow	Canada	CA	67.5706	-139.839
YOG	Ogoki Post	Canada	CA	51.6586	-85.9017
YOH	Oxford House	Canada	CA	54.9333	-95.2789
YOJ	High Level	Canada	CA	58.6214	-117.165
YOL	Yola	Nigeria	NG	9.2576	12.4304
YON	Yongphulla	Bhutan	BT	27.2563	91.5146
YOW	Ottawa	Canada	CA	45.3225	-75.6692
YPA	Prince Albert	Canada	CA	53.2142	-105.673
YPC	Paulatuk	Canada	CA	69.3608	-124.076
YPE	Peace River	Canada	CA	56.2269	-117.447
YPH	Inukjuak	Canada	CA	58.4719	-78.0769
YPJ	Aupaluk	Canada	CA	59.2967	-69.5997
YPL	Pickle Lake	Canada	CA	51.4464	-90.2142
YPM	Pikangikum	Canada	CA	51.8197	-93.9733
YPN	Port-Menier	Canada	CA	49.8364	-64.2886
YPO	Peawanuck	Canada	CA	54.9879	-85.4426
YPQ	Peterborough	Canada	CA	44.2323	-78.3621
YPR	Prince Rupert	Canada	CA	54.2861	-130.445
YPW	Powell River	Canada	CA	49.8342	-124.5
YPX	Puvirnituq	Canada	CA	60.0506	-77.2869
YPY	Fort Chipewyan	Canada	CA	58.7672	-111.117
YPZ	Burns Lake	Canada	CA	54.3764	-125.951
YQA	Gravenhurst	Canada	CA	44.9754	-79.3065
YQB	Quebec	Canada	CA	46.7911	-71.3933
YQC	Quaqtaq	Canada	CA	61.0464	-69.6178
YQD	The Pas	Canada	CA	53.9714	-101.091
YQG	Windsor	Canada	CA	42.2756	-82.9556
YQH	Watson Lake	Canada	CA	60.1168	-128.822
YQK	Kenora	Canada	CA	49.7883	-94.3631
YQL	Lethbridge	Canada	CA	49.6303	-112.8
YQM	Moncton	Canada	CA	46.1132	-64.6772
YQN	Nakina	Canada	CA	50.1828	-86.6964
YQQ	Comox	Canada	CA	49.7108	-124.887
YQR	Regina	Canada	CA	50.4319	-104.661
YQT	Thunder Bay	Canada	CA	48.3719	-89.3239
YQU	Grande Prairie	Canada	CA	55.1797	-118.885
YQX	Gander	Canada	CA	48.9363	-54.5677
YQY	Sydney	Canada	CA	46.1611	-60.0498
YQZ	Quesnel	Canada	CA	53.0261	-122.51
YRA	Gamètì	Canada	CA	64.1161	-117.31
YRB	Resolute Bay	Canada	CA	74.7169	-94.9694
YRF	Cartwright	Canada	CA	53.6825	-57.0423
YRG	Rigolet	Canada	CA	54.1797	-58.4575
YRJ	Roberval	Canada	CA	48.5197	-72.2657
YRL	Red Lake	Canada	CA	51.0669	-93.7931
YRO	Ottawa	Canada	CA	45.4605	-75.644
YRS	Red Sucker Lake	Canada	CA	54.1672	-93.5572
YRT	Rankin Inlet	Canada	CA	62.8114	-92.1158
YSB	Sudbury	Canada	CA	46.625	-80.7989
YSF	Stony Rapids	Canada	CA	59.2503	-105.841
YSG	Lutselk'e	Canada	CA	62.4178	-110.683
YSJ	Saint John	Canada	CA	45.3161	-65.8903
YSK	Sanikiluaq	Canada	CA	56.5369	-79.2502
YSM	Fort Smith	Canada	CA	60.0203	-111.962
YSO	Postville	Canada	CA	54.9105	-59.7851
YSQ	Qian Gorlos Mongol Autonomous County	China	CN	44.9311	124.552
YST	St. Theresa Point	Canada	CA	53.8453	-94.852
YSY	Sachs Harbour	Canada	CA	71.9939	-125.243
YTE	Kinngait	Canada	CA	64.23	-76.5267
YTG	Sullivan Bay	Canada	CA	50.8854	-126.831
YTH	Thompson	Canada	CA	55.8011	-97.8642
YTL	Big Trout Lake	Canada	CA	53.8178	-89.8969
YTP	Tofino	Canada	CA	49.155	-125.91
YTQ	Tasiujaq	Canada	CA	58.6678	-69.9558
YTS	Timmins	Canada	CA	48.5697	-81.3767
YTW	Hotan	China	CN	36.8085	81.7827
YTY	Yangzhou	China	CN	32.5634	119.72
YTZ	Toronto	Canada	CA	43.6279	-79.3955
YUD	Umiujaq	Canada	CA	56.5361	-76.5183
YUL	Montréal	Canada	CA	45.4678	-73.7423
YUM	Yuma	Arizona	US	32.6509	-114.609
YUS	Yushu	China	CN	32.8364	97.0364
YUT	Repulse Bay	Canada	CA	66.521	-86.2252
YUX	Sanirajak	Canada	CA	68.7761	-81.2425
YUY	Rouyn-Noranda	Canada	CA	48.2061	-78.8356
YVB	Bonaventure	Canada	CA	48.0711	-65.4603
YVC	La Ronge	Canada	CA	55.1514	-105.262
YVM	Qikiqtarjuaq	Canada	CA	67.5466	-64.0314
YVO	Val-d'Or	Canada	CA	48.0533	-77.7828
YVP	Kuujjuaq	Canada	CA	58.0961	-68.4269
YVQ	Norman Wells	Canada	CA	65.2816	-126.798
YVR	Vancouver	Canada	CA	49.1939	-123.184
YVV	Wiarton	Canada	CA	44.7458	-81.1072
YVZ	Deer Lake	Canada	CA	52.6556	-94.0612
YWB	Kangiqsujuaq	Canada	CA	61.5886	-71.9294
YWG	Winnipeg	Canada	CA	49.91	-97.2399
YWH	Victoria	Canada	CA	48.4238	-123.372
YWJ	Déline	Canada	CA	65.2111	-123.436
YWK	Wabush	Canada	CA	52.9219	-66.8644
YWL	Williams Lake	Canada	CA	52.1831	-122.054
YWM	Williams Harbour	Canada	CA	52.5674	-55.7849
YWP	Webequie	Canada	CA	52.9594	-87.3749
YWS	Whistler	Canada	CA	50.1436	-122.949
YXC	Cranbrook	Canada	CA	49.6108	-115.782
YXE	Saskatoon	Canada	CA	52.1707	-106.701
YXH	Medicine Hat	Canada	CA	50.0189	-110.721
YXJ	Fort Saint John	Canada	CA	56.2381	-120.74
YXL	Sioux Lookout	Canada	CA	50.1139	-91.9053
YXN	Whale Cove	Canada	CA	62.24	-92.5981
YXP	Pangnirtung	Canada	CA	66.1449	-65.7136
YXS	Prince George	Canada	CA	53.8843	-122.667
YXT	Terrace	Canada	CA	54.4685	-128.576
YXU	London	Canada	CA	43.0328	-81.149
YXX	Abbotsford	Canada	CA	49.0253	-122.361
YXY	Whitehorse	Canada	CA	60.7085	-135.066
YYA	Yueyang	China	CN	29.3117	113.282
YYB	North Bay	Canada	CA	46.3636	-79.4228
YYC	Calgary	Canada	CA	51.1188	-114.01
YYD	Smithers	Canada	CA	54.8247	-127.183
YYE	Fort Nelson	Canada	CA	58.8364	-122.597
YYF	Penticton	Canada	CA	49.4631	-119.602
YYG	Charlottetown	Canada	CA	46.2889	-63.1252
YYH	Taloyoak	Canada	CA	69.5467	-93.5767
YYJ	Victoria	Canada	CA	48.6472	-123.428
YYL	Lynn Lake	Canada	CA	56.8639	-101.076
YYQ	Churchill	Canada	CA	58.7392	-94.065
YYR	Goose Bay	Canada	CA	53.3192	-60.4258
YYT	St. John's	Canada	CA	47.6186	-52.7519
YYY	Mont-Joli	Canada	CA	48.6086	-68.2081
YYZ	Toronto	Canada	CA	43.6759	-79.6294
YZF	Yellowknife	Canada	CA	62.4628	-114.44
YZG	Salluit	Canada	CA	62.1794	-75.6672
YZP	Sandspit	Canada	CA	53.2543	-131.814
YZS	Coral Harbour	Canada	CA	64.1933	-83.3594
YZT	Port Hardy	Canada	CA	50.6806	-127.367
YZU	Whitecourt	Canada	CA	54.1439	-115.787
YZV	Sept-Îles	Canada	CA	50.2233	-66.2656
YZY	Zhangye	China	CN	38.8019	100.675
YZZ	Trail	Canada	CA	49.0556	-117.609
ZAD	Zadar	Croatia	HR	44.097	15.3536
ZAG	Velika Gorica	Croatia	HR	45.7429	16.0688
ZAH	Zahedan	Iran	IR	29.4757	60.9062
ZAL	Valdivia	Chile	CL	-39.65	-73.0861
ZAM	Zamboanga	Philippines	PH	6.9224	122.06
ZAT	Zhaotong	China	CN	27.2058	103.692
ZAZ	Zaragoza	Spain	ES	41.6662	-1.0415
ZBF	South Tetagouche	Canada	CA	47.6297	-65.7389
ZBR	Konarak	Iran	IR	25.4432	60.3822
ZCL	Zacatecas	Mexico	MX	22.8949	-102.687
ZCO	Temuco	Chile	CL	-38.9259	-72.6515
ZDY	Delma Island	United Arab Emirates	AE	24.51	52.3352
ZEL	Bella Bella	Canada	CA	52.185	-128.157
ZEM	Eastmain River	Canada	CA	52.2264	-78.5225
ZFD	Fond-du-Lac	Canada	CA	59.3344	-107.182
ZFL	Zhaosu	China	CN	43.0885	81.223
ZFM	Fort Mcpherson	Canada	CA	67.407	-134.86
ZFN	Tulita	Canada	CA	64.9095	-125.57
ZGI	Gods River	Canada	CA	54.8397	-94.0786
ZGS	Le Golfe-du-Saint-Laurent	Canada	CA	50.2596	-60.6744
ZHA	Zhanjiang	China	CN	21.4817	110.59
ZHY	Zhongwei	China	CN	37.5731	105.154
ZIA	Moscow	Russia	RU	55.5533	38.15
ZIG	Ziguinchor	Senegal	SN	12.5556	-16.2833
ZIH	Ixtapa	Mexico	MX	17.6018	-101.461
ZIX	Zhigansk	Russia	RU	66.7965	123.361
ZKE	Kashechewan	Canada	CA	52.2825	-81.6778
ZKP	Zyryanka	Russia	RU	65.7485	150.889
ZLO	Manzanillo	Mexico	MX	19.1448	-104.559
ZLT	La Tabatière	Canada	CA	50.8308	-58.9756
ZMT	Masset	Canada	CA	54.0275	-132.125
ZNA	Nanaimo	Canada	CA	49.1698	-123.934
ZND	Zinder	Niger	NE	13.779	8.9838
ZNE	Newman	Australia	AU	-23.4178	119.803
ZNZ	Zanzibar	Tanzania	TZ	-6.222	39.2249
ZOS	Osorno	Chile	CL	-40.6112	-73.061
ZPB	Sachigo Lake	Canada	CA	53.8909	-92.1959
ZPC	Pucon	Chile	CL	-39.2928	-71.9159
ZQN	Queenstown	New Zealand	NZ	-45.0192	168.746
ZQZ	Zhangjiakou	China	CN	40.7387	114.933
ZRH	Zurich	Switzerland	CH	47.4581	8.5481
ZRJ	Round Lake	Canada	CA	52.9436	-91.3128
ZSA	San Salvador	Bahamas	BS	24.063	-74.5232
ZSE	Saint-Pierre	Réunion	RE	-21.3194	55.4225
ZSJ	Sandy Lake	Canada	CA	53.0642	-93.3444
ZTB	Tête-à-la-Baleine	Canada	CA	50.6744	-59.3836
ZTH	Zakynthos	Greece	GR	37.7509	20.8843
ZTM	Shamattawa	Canada	CA	55.8636	-92.0811
ZUH	Zhuhai	China	CN	22.0064	113.376
ZUM	Churchill Falls	Canada	CA	53.5619	-64.1064
ZWL	Wollaston Lake	Canada	CA	58.1069	-103.172
ZYI	Zunyi	China	CN	27.8107	107.247
ZYL	Sylhet	Bangladesh	BD	24.964	91.8647
